{"type":"FeatureCollection","features":[{"type":"Feature","id":0,"properties":{"id":0,"name":"Adenta Municipal"},"geometry":{"type":"Polygon","coordinates":[[[-0.1404,5.6355],[-0.1553,5.6597],[-0.1516,5.6859],[-0.1713,5.6863],[-0.171,5.7079],[-0.1286,5.7948],[-0.1183,5.7854],[-0.1245,5.7101],[-0.0646,5.6651],[-0.1404,5.6355]]]}},{"type":"Feature","id":1,"properties":{"id":1,"name":"Ledzokuku Municipal"},"geometry":{"type":"Polygon","coordinates":[[[-0.1163,5.6396],[-0.0902,5.5908],[-0.1078,5.5721],[-0.1339,5.5633],[-0.1315,5.6002],[-0.1404,5.6355],[-0.1163,5.6396]]]}},{"type":"Feature","id":2,"properties":{"id":2,"name":"Chereponi"},"geometry":{"type":"Polygon","coordinates":[[[0.0637,9.9997],[0.1095,10.0051],[0.1244,10.0388],[0.1059,10.1187],[0.1113,10.131],[0.0609,10.1801],[0.066,10.2009],[0.0853,10.2141],[0.0763,10.2283],[0.091,10.2435],[0.0774,10.2884],[0.0581,10.2939],[0.0562,10.3072],[0.0856,10.3097],[0.1048,10.3223],[0.1129,10.3406],[0.157,10.3551],[0.1582,10.3732],[0.1981,10.3866],[0.1941,10.4027],[0.2094,10.4054],[0.2052,10.4183],[0.2172,10.4265],[0.2596,10.4078],[0.2844,10.4219],[0.3002,10.4028],[0.2901,10.3765],[0.3076,10.3711],[0.3153,10.3378],[0.3281,10.3395],[0.3378,10.325],[0.317,10.3099],[0.3872,10.3157],[0.3979,10.3078],[0.3692,10.2847],[0.3816,10.2739],[0.3611,10.2586],[0.3502,10.168],[0.3631,10.1379],[0.3522,10.1119],[0.355,10.0923],[0.3952,10.0809],[0.4173,10.0571],[0.4104,10.0217],[0.361,10.0314],[0.359,9.9871],[0.3862,9.9375],[0.3651,9.9321],[0.3534,9.9476],[0.3469,9.9385],[0.325,9.944],[0.3245,9.9631],[0.311,9.9599],[0.3037,9.9772],[0.2335,9.9563],[0.1897,9.9665],[0.1838,9.9796],[0.1554,9.9861],[0.1301,9.9567],[0.1271,9.9717],[0.0717,9.9664],[0.0637,9.9997]]]}},{"type":"Feature","id":3,"properties":{"id":3,"name":"Wa East"},"geometry":{"type":"Polygon","coordinates":[[[-1.6215,10.1332],[-1.6007,10.133],[-1.5858,10.0821],[-1.6131,10.0691],[-1.6264,10.0791],[-1.655,10.0746],[-1.6291,10.0529],[-1.6349,10.0426],[-1.6672,10.0451],[-1.6736,10.0253],[-1.686,10.0387],[-1.7017,10.0138],[-1.7148,10.0122],[-1.7067,9.9458],[-1.7161,9.94],[-1.6963,9.8872],[-1.7098,9.8224],[-1.9868,9.8251],[-2.0034,9.8222],[-2.0248,9.786],[-2.0422,9.7797],[-2.0864,9.7855],[-2.0969,9.8137],[-2.4211,9.7724],[-2.487,9.7529],[-2.4965,9.7658],[-2.4942,9.7839],[-2.4844,9.7888],[-2.4892,9.8175],[-2.4753,9.8245],[-2.4548,9.8703],[-2.4594,9.9016],[-2.4482,9.9043],[-2.4602,9.9434],[-2.4421,9.9138],[-2.4322,9.9135],[-2.3969,9.9412],[-2.383,9.9367],[-2.3796,9.9527],[-2.3258,9.9773],[-2.3221,9.9883],[-2.3303,10.0227],[-2.3044,10.0523],[-2.3319,10.0643],[-2.3532,10.0606],[-2.3664,10.0712],[-2.3702,10.1008],[-2.3513,10.1132],[-2.3738,10.1217],[-2.3974,10.1176],[-2.4065,10.1495],[-2.4021,10.1714],[-2.3543,10.2411],[-2.2803,10.2465],[-2.2465,10.2139],[-2.2381,10.2359],[-2.2122,10.2443],[-2.1968,10.2886],[-2.1637,10.2884],[-2.1699,10.3072],[-2.0964,10.3343],[-2.0805,10.3127],[-2.0596,10.3235],[-2.0546,10.3102],[-2.0229,10.3028],[-1.9823,10.3608],[-1.9593,10.3581],[-1.92,10.3745],[-1.895,10.4144],[-1.8273,10.3239],[-1.8222,10.2993],[-1.6812,10.2191],[-1.6636,10.1737],[-1.6215,10.1332]]]}},{"type":"Feature","id":4,"properties":{"id":4,"name":"Wa Municipal"},"geometry":{"type":"Polygon","coordinates":[[[-2.3974,10.1176],[-2.3738,10.1217],[-2.3513,10.1132],[-2.3702,10.1008],[-2.3664,10.0712],[-2.3532,10.0606],[-2.3319,10.0643],[-2.3044,10.0523],[-2.3303,10.0227],[-2.3258,9.9773],[-2.3476,9.9728],[-2.3796,9.9527],[-2.383,9.9367],[-2.3969,9.9412],[-2.4322,9.9135],[-2.4421,9.9138],[-2.4659,9.9523],[-2.4828,9.9581],[-2.531,9.9348],[-2.547,9.9406],[-2.5666,9.9242],[-2.6017,9.9417],[-2.5935,9.975],[-2.582,9.9849],[-2.5995,9.9867],[-2.596,9.9955],[-2.6086,10.0011],[-2.6152,10.032],[-2.6118,10.041],[-2.569,10.0446],[-2.5854,10.0584],[-2.579,10.0796],[-2.5967,10.0773],[-2.5777,10.0996],[-2.5793,10.1198],[-2.5511,10.0923],[-2.526,10.0953],[-2.4593,10.1602],[-2.4042,10.1627],[-2.3974,10.1176]]]}},{"type":"Feature","id":5,"properties":{"id":5,"name":"Saboba"},"geometry":{"type":"Polygon","coordinates":[[[0.3657,9.9322],[0.3514,9.9042],[0.3581,9.8485],[0.3315,9.7988],[0.3354,9.7786],[0.3254,9.7736],[0.3299,9.7588],[0.3187,9.7277],[0.3458,9.7145],[0.3506,9.6759],[0.3632,9.6734],[0.3691,9.6522],[0.382,9.6449],[0.3727,9.6082],[0.3829,9.5916],[0.3518,9.5727],[0.2895,9.5771],[0.2657,9.5673],[0.2396,9.5744],[0.2346,9.5481],[0.243,9.524],[0.29,9.5236],[0.3098,9.5032],[0.267,9.4789],[0.229,9.4872],[0.2287,9.4631],[0.2469,9.4383],[0.2159,9.4436],[0.199,9.4313],[0.1548,9.4393],[0.1386,9.4599],[0.1593,9.5447],[0.1493,9.5643],[0.1347,9.575],[0.1114,9.5655],[0.1015,9.5781],[0.082,9.5765],[0.0802,9.6203],[0.0338,9.6449],[0.076,9.693],[0.0024,9.7289],[-0.025,9.7531],[-0.0266,9.7999],[0.0057,9.8131],[-0.0225,9.8319],[-0.0196,9.8608],[-0.0015,9.8687],[0.0057,9.8994],[0.0157,9.903],[0.0122,9.918],[0.0247,9.9313],[0.0244,9.9517],[0.0622,9.9678],[0.1271,9.9717],[0.1301,9.9567],[0.1554,9.9861],[0.1838,9.9796],[0.1897,9.9665],[0.2335,9.9563],[0.3037,9.9772],[0.311,9.9599],[0.3245,9.9631],[0.325,9.944],[0.3469,9.9385],[0.3534,9.9476],[0.3657,9.9322]]]}},{"type":"Feature","id":6,"properties":{"id":6,"name":"Jirapa"},"geometry":{"type":"Polygon","coordinates":[[[-2.4024,10.7373],[-2.3876,10.701],[-2.3495,10.6888],[-2.3591,10.6538],[-2.3346,10.5979],[-2.3192,10.588],[-2.364,10.5486],[-2.4348,10.5351],[-2.4399,10.5184],[-2.4599,10.5289],[-2.4751,10.5124],[-2.5274,10.5099],[-2.6064,10.4658],[-2.6677,10.4613],[-2.687,10.4474],[-2.7242,10.4431],[-2.7411,10.4271],[-2.7913,10.4266],[-2.8556,10.4486],[-2.8361,10.4734],[-2.8385,10.5031],[-2.846,10.5039],[-2.8035,10.5508],[-2.804,10.5977],[-2.7944,10.6091],[-2.7454,10.6294],[-2.735,10.6123],[-2.6981,10.6361],[-2.7055,10.6538],[-2.6762,10.6669],[-2.6265,10.6629],[-2.5917,10.6886],[-2.5934,10.7151],[-2.6077,10.7401],[-2.5957,10.7493],[-2.5324,10.7482],[-2.4496,10.7218],[-2.4339,10.7411],[-2.4024,10.7373]]]}},{"type":"Feature","id":7,"properties":{"id":7,"name":"Gushegu"},"geometry":{"type":"Polygon","coordinates":[[[0.0774,10.2884],[0.091,10.2435],[0.0763,10.2283],[0.0853,10.2141],[0.066,10.2009],[0.0609,10.1801],[0.1113,10.131],[0.1059,10.1187],[0.1245,10.0285],[0.1095,10.0051],[0.0637,9.9997],[0.0714,9.9658],[0.0243,9.9516],[0.0247,9.9313],[0.0122,9.918],[0.0157,9.903],[0.0057,9.8994],[-0.0015,9.8687],[-0.0196,9.8608],[-0.0225,9.8319],[0.0057,9.8131],[-0.0407,9.8026],[-0.0539,9.7893],[-0.1122,9.7945],[-0.1179,9.7635],[-0.111,9.7536],[-0.1455,9.7443],[-0.1812,9.754],[-0.1733,9.7264],[-0.2467,9.7209],[-0.2609,9.7025],[-0.2571,9.6727],[-0.2798,9.6256],[-0.2683,9.5897],[-0.2954,9.5792],[-0.3235,9.5846],[-0.3579,9.5492],[-0.4043,9.5306],[-0.4123,9.5074],[-0.46,9.506],[-0.4725,9.5185],[-0.5046,9.5038],[-0.499,9.5317],[-0.5084,9.565],[-0.4856,9.5948],[-0.5022,9.6266],[-0.4769,9.6655],[-0.4729,9.6934],[-0.4839,9.7221],[-0.4581,9.7769],[-0.4915,9.7835],[-0.4952,9.8023],[-0.4798,9.8232],[-0.4659,9.8255],[-0.4044,9.814],[-0.2998,9.8831],[-0.3021,9.9201],[-0.3128,9.9336],[-0.2809,9.9549],[-0.2723,9.981],[-0.2892,10.0027],[-0.29,10.0406],[-0.302,10.0522],[-0.2678,10.0581],[-0.233,10.0806],[-0.2494,10.1181],[-0.2079,10.1062],[-0.1744,10.0707],[-0.1361,10.0861],[-0.1506,10.141],[-0.1603,10.1396],[-0.1837,10.1633],[-0.138,10.209],[-0.1397,10.2276],[-0.1142,10.2415],[-0.1281,10.2638],[-0.1311,10.292],[-0.094,10.2694],[-0.0882,10.295],[-0.0248,10.2712],[-0.0297,10.2994],[-0.019,10.3286],[0.049,10.3427],[0.0581,10.2939],[0.0774,10.2884]]]}},{"type":"Feature","id":8,"properties":{"id":8,"name":"Sissala West"},"geometry":{"type":"Polygon","coordinates":[[[-2.3203,10.5932],[-2.3346,10.5979],[-2.3591,10.6538],[-2.3513,10.692],[-2.3876,10.701],[-2.4024,10.7373],[-2.4339,10.7411],[-2.4506,10.7769],[-2.4787,10.7902],[-2.4389,10.8018],[-2.4603,10.8638],[-2.4696,10.8679],[-2.4741,10.8989],[-2.5137,10.9355],[-2.5912,10.9378],[-2.6105,10.9676],[-2.6313,10.9682],[-2.6338,10.9944],[-2.618,11.0213],[-2.4523,11.0233],[-2.3602,11.0081],[-2.2202,11.0207],[-2.058,11.0175],[-2.0063,11.004],[-1.9722,10.9659],[-1.9621,10.9267],[-1.9883,10.9101],[-2.0113,10.8714],[-2.0449,10.8502],[-2.076,10.8084],[-2.0904,10.8116],[-2.1039,10.8305],[-2.1305,10.8307],[-2.1451,10.8114],[-2.1673,10.8106],[-2.1794,10.7998],[-2.1214,10.6608],[-2.1407,10.6087],[-2.1309,10.591],[-2.1586,10.5582],[-2.1785,10.5522],[-2.1634,10.5197],[-2.1826,10.5058],[-2.181,10.4922],[-2.2285,10.506],[-2.2693,10.5551],[-2.2963,10.5545],[-2.2995,10.5705],[-2.3218,10.5798],[-2.3203,10.5932]]]}},{"type":"Feature","id":9,"properties":{"id":9,"name":"Nanumba North"},"geometry":{"type":"Polygon","coordinates":[[[0.05,9.166],[0.023,9.1518],[0.0337,9.1464],[0.0328,9.1345],[0.0531,9.1272],[0.069,9.1004],[0.1023,9.1067],[0.1235,9.0989],[0.1135,9.1289],[0.1527,9.1517],[0.1753,9.1485],[0.254,9.0804],[0.2457,9.0635],[0.195,9.0768],[0.1895,9.0618],[0.1999,9.0398],[0.2847,9.0504],[0.3033,9.0374],[0.2968,9.0191],[0.2837,9.0102],[0.2654,9.0235],[0.2515,9.0197],[0.2219,8.9748],[0.1837,8.9647],[0.188,8.9199],[0.1761,8.9144],[0.1505,8.9316],[0.1516,8.9005],[0.1379,8.8796],[0.0715,8.8841],[0.0636,8.8468],[0.0455,8.8504],[0.0369,8.8674],[0.0391,8.8768],[0.0587,8.8842],[0.0536,8.9223],[0.0035,8.9089],[-0.0197,8.9227],[-0.0171,8.9293],[-0.0348,8.926],[-0.0392,8.915],[-0.0197,8.9026],[-0.0299,8.8535],[-0.0972,8.8278],[-0.0851,8.8],[-0.0993,8.7754],[-0.0548,8.7871],[-0.0609,8.7994],[-0.0439,8.7863],[-0.0539,8.7786],[-0.0565,8.746],[-0.0815,8.7261],[-0.1031,8.7218],[-0.1343,8.6882],[-0.1948,8.671],[-0.2567,8.6281],[-0.2662,8.6321],[-0.3274,8.6059],[-0.3449,8.5839],[-0.3582,8.5994],[-0.3715,8.587],[-0.3734,8.598],[-0.383,8.5923],[-0.3963,8.593],[-0.4024,8.6044],[-0.4111,8.599],[-0.4214,8.6501],[-0.4348,8.6442],[-0.4327,8.6588],[-0.4471,8.6624],[-0.4537,8.6756],[-0.4699,8.6718],[-0.4851,8.6825],[-0.4875,8.7237],[-0.4724,8.7344],[-0.4577,8.7214],[-0.4481,8.7295],[-0.4307,8.7165],[-0.4316,8.7284],[-0.4122,8.7339],[-0.4124,8.7081],[-0.4076,8.7155],[-0.4057,8.7071],[-0.3874,8.7088],[-0.3838,8.724],[-0.3688,8.7225],[-0.3728,8.7432],[-0.3537,8.7544],[-0.3397,8.7559],[-0.3294,8.7421],[-0.3145,8.7507],[-0.3065,8.7956],[-0.2953,8.8107],[-0.2994,8.8193],[-0.3211,8.8193],[-0.3227,8.8341],[-0.3429,8.8464],[-0.344,8.8625],[-0.3388,8.8673],[-0.3305,8.8589],[-0.2997,8.8608],[-0.302,8.8857],[-0.291,8.8855],[-0.281,8.9013],[-0.2439,8.9086],[-0.2486,8.9174],[-0.2375,8.9203],[-0.2365,8.9401],[-0.222,8.9358],[-0.2005,8.9475],[-0.1955,8.9752],[-0.2124,9.012],[-0.2088,9.0272],[-0.2184,9.0328],[-0.204,9.0628],[-0.213,9.0789],[-0.2078,9.1029],[-0.189,9.1129],[-0.18,9.1028],[-0.1699,9.1219],[-0.1442,9.1342],[-0.1168,9.1244],[-0.102,9.1378],[-0.0582,9.1221],[-0.0536,9.1475],[-0.074,9.1692],[-0.0453,9.1706],[-0.0541,9.192],[-0.0222,9.2164],[-0.0342,9.2431],[-0.0296,9.2601],[0.0332,9.2494],[0.0503,9.211],[0.05,9.166]]]}},{"type":"Feature","id":10,"properties":{"id":10,"name":"Lambussie-karni"},"geometry":{"type":"Polygon","coordinates":[[[-2.4496,10.7218],[-2.5324,10.7482],[-2.5957,10.7493],[-2.6077,10.7401],[-2.5934,10.7151],[-2.5917,10.6886],[-2.6323,10.6598],[-2.6762,10.6669],[-2.7055,10.6538],[-2.7133,10.6874],[-2.7243,10.6841],[-2.7326,10.7122],[-2.6811,10.712],[-2.6954,10.7501],[-2.6741,10.7455],[-2.6533,10.7594],[-2.6639,10.7894],[-2.6915,10.7796],[-2.6866,10.8124],[-2.7098,10.8119],[-2.7144,10.8488],[-2.7363,10.8571],[-2.7419,10.876],[-2.7238,10.8895],[-2.7246,10.9099],[-2.7344,10.9027],[-2.7363,10.9287],[-2.745,10.9314],[-2.736,10.9447],[-2.7679,11.0126],[-2.6193,11.02],[-2.6338,10.9944],[-2.6313,10.9682],[-2.6105,10.9676],[-2.5968,10.9413],[-2.5137,10.9355],[-2.494,10.9226],[-2.4741,10.8989],[-2.4696,10.8679],[-2.4603,10.8638],[-2.4389,10.8018],[-2.4787,10.7902],[-2.4506,10.7769],[-2.4339,10.7411],[-2.4496,10.7218]]]}},{"type":"Feature","id":11,"properties":{"id":11,"name":"Bolgatanga Municipal"},"geometry":{"type":"Polygon","coordinates":[[[-0.8574,10.7655],[-0.8486,10.7425],[-0.8736,10.743],[-0.9005,10.7169],[-0.9168,10.6456],[-0.944,10.6172],[-0.9836,10.6816],[-0.9592,10.7086],[-0.9841,10.7179],[-0.9918,10.7322],[-1.0055,10.728],[-1.0123,10.7403],[-1.0145,10.7626],[-0.9945,10.8246],[-0.9645,10.8522],[-0.9448,10.8534],[-0.9304,10.8786],[-0.8678,10.8411],[-0.8647,10.8509],[-0.8311,10.8496],[-0.8105,10.8407],[-0.807,10.8285],[-0.8574,10.7655]]]}},{"type":"Feature","id":12,"properties":{"id":12,"name":"Nanumba South"},"geometry":{"type":"Polygon","coordinates":[[[-0.3422,8.5851],[-0.3274,8.6059],[-0.2662,8.6321],[-0.2567,8.6281],[-0.1948,8.671],[-0.1343,8.6882],[-0.1031,8.7218],[-0.0815,8.7261],[-0.0565,8.746],[-0.0539,8.7786],[-0.0439,8.7863],[-0.0609,8.7994],[-0.0548,8.7871],[-0.0993,8.7754],[-0.0851,8.8],[-0.0972,8.8278],[-0.0299,8.8535],[-0.0197,8.9026],[-0.0392,8.915],[-0.0348,8.926],[-0.0171,8.9293],[-0.0197,8.9227],[0.0035,8.9089],[0.0536,8.9223],[0.0587,8.8842],[0.0391,8.8768],[0.0369,8.8674],[0.0455,8.8504],[0.0636,8.8468],[0.0715,8.8841],[0.1379,8.8796],[0.1516,8.9005],[0.1505,8.9316],[0.1844,8.9168],[0.1837,8.9647],[0.2219,8.9748],[0.241,8.9982],[0.2819,9.0063],[0.3172,8.9875],[0.2696,8.9275],[0.2736,8.8781],[0.2872,8.8461],[0.3139,8.8267],[0.3238,8.831],[0.3232,8.8662],[0.3728,8.8282],[0.3898,8.8052],[0.3786,8.7724],[0.4013,8.7575],[0.3968,8.7538],[0.3742,8.7546],[0.3846,8.7453],[0.3743,8.7357],[0.3463,8.7409],[0.36,8.7205],[0.3435,8.7186],[0.3414,8.7293],[0.3146,8.7345],[0.3007,8.7262],[0.2979,8.7425],[0.2818,8.724],[0.2587,8.7469],[0.244,8.7408],[0.2316,8.7534],[0.2143,8.755],[0.1856,8.7408],[0.1684,8.7745],[0.1654,8.7561],[0.1813,8.7128],[0.1389,8.6692],[0.1359,8.6535],[0.1469,8.6296],[0.1699,8.6158],[0.1709,8.596],[0.148,8.5885],[0.1281,8.605],[0.112,8.5968],[0.0828,8.5258],[0.0038,8.5337],[-0.0076,8.5474],[-0.0547,8.5542],[-0.1186,8.5396],[-0.121,8.5476],[-0.1564,8.5447],[-0.1623,8.5591],[-0.1886,8.5402],[-0.2347,8.5721],[-0.239,8.5592],[-0.2696,8.5421],[-0.2777,8.5575],[-0.3044,8.5349],[-0.3104,8.539],[-0.3122,8.5275],[-0.3184,8.5357],[-0.3355,8.5306],[-0.3498,8.56],[-0.3436,8.5685],[-0.3637,8.5815],[-0.3578,8.5902],[-0.3422,8.5851]]]}},{"type":"Feature","id":13,"properties":{"id":13,"name":"Wenchi Municipal"},"geometry":{"type":"Polygon","coordinates":[[[-1.9443,7.7992],[-1.9707,7.8059],[-2.0231,7.7803],[-2.0764,7.7786],[-2.0822,7.765],[-2.0713,7.7483],[-2.073,7.7135],[-2.048,7.6716],[-2.0671,7.6613],[-2.0897,7.6308],[-2.0882,7.6099],[-2.1118,7.5722],[-2.1089,7.5532],[-2.1377,7.5258],[-2.1104,7.4952],[-2.1476,7.4954],[-2.168,7.4791],[-2.2236,7.4692],[-2.2605,7.4885],[-2.2674,7.5001],[-2.2621,7.5266],[-2.2394,7.5651],[-2.2541,7.5826],[-2.2491,7.6086],[-2.2167,7.6125],[-2.2239,7.6396],[-2.2122,7.6537],[-2.2153,7.6678],[-2.203,7.6734],[-2.2198,7.7103],[-2.1963,7.7447],[-2.2115,7.7557],[-2.1949,7.7611],[-2.1959,7.7968],[-2.1665,7.8155],[-2.1661,7.8349],[-2.1502,7.8368],[-2.1573,7.8433],[-2.1468,7.8439],[-2.1528,7.869],[-2.1362,7.8695],[-2.1643,7.9143],[-2.1576,7.9362],[-2.1459,7.9348],[-2.1374,7.9548],[-2.1381,7.9778],[-2.1499,7.9952],[-2.1429,8.0153],[-2.113,8.0405],[-2.1301,8.0507],[-2.1153,8.0542],[-2.1357,8.0808],[-2.1164,8.0995],[-2.117,8.1354],[-2.1017,8.1358],[-2.0649,8.089],[-2.0575,8.052],[-2.0253,8.0239],[-2.026,7.9961],[-2.044,7.9735],[-2.0412,7.9644],[-2.0199,7.9554],[-1.985,7.9662],[-1.9141,7.8773],[-1.9029,7.8311],[-1.9223,7.8063],[-1.9443,7.7992]]]}},{"type":"Feature","id":14,"properties":{"id":14,"name":"Bongo"},"geometry":{"type":"Polygon","coordinates":[[[-0.8105,10.8407],[-0.8311,10.8496],[-0.8647,10.8509],[-0.8678,10.8411],[-0.9304,10.8786],[-0.9333,10.9193],[-0.9122,10.9515],[-0.87,10.9667],[-0.855,10.9983],[-0.8284,10.9983],[-0.8273,11.0065],[-0.8076,11.0058],[-0.8075,10.998],[-0.6841,10.9986],[-0.6809,10.9829],[-0.6537,10.9876],[-0.6717,10.9612],[-0.6615,10.9564],[-0.6536,10.9638],[-0.6451,10.9551],[-0.6759,10.9278],[-0.6821,10.8806],[-0.7169,10.8665],[-0.7352,10.8361],[-0.7534,10.8635],[-0.807,10.8285],[-0.8105,10.8407]]]}},{"type":"Feature","id":15,"properties":{"id":15,"name":"Tano South Municipal"},"geometry":{"type":"Polygon","coordinates":[[[-1.967,7.0899],[-1.995,7.0792],[-2.0383,7.0402],[-2.0619,7.0391],[-2.0922,7.0209],[-2.0973,7.0072],[-2.121,7.0021],[-2.1377,7.0204],[-2.1256,7.0505],[-2.0931,7.0631],[-2.049,7.1285],[-2.081,7.2114],[-2.069,7.2364],[-2.0773,7.267],[-2.0656,7.2809],[-2.0649,7.3195],[-2.047,7.3056],[-2.0014,7.3169],[-1.9884,7.2981],[-1.9621,7.2934],[-1.9499,7.2615],[-1.9272,7.2648],[-1.9122,7.2535],[-1.8597,7.2781],[-1.8272,7.2585],[-1.8689,7.2032],[-1.9329,7.1766],[-1.9325,7.1301],[-1.9536,7.0852],[-1.967,7.0899]]]}},{"type":"Feature","id":16,"properties":{"id":16,"name":"Kasena Nankana West"},"geometry":{"type":"MultiPolygon","coordinates":[[[[-0.9542,10.8491],[-0.9724,10.8672],[-0.9988,10.8699],[-1.0183,10.9329],[-0.987,10.959],[-0.967,10.9595],[-0.9455,10.9431],[-0.9236,10.957],[-0.9113,10.981],[-0.8903,10.9819],[-0.8888,10.9655],[-0.9122,10.9515],[-0.9331,10.9199],[-0.9304,10.8786],[-0.9542,10.8491]]],[[[-1.4264,10.7499],[-1.4715,10.7583],[-1.4782,10.7862],[-1.5124,10.7607],[-1.5287,10.7648],[-1.5228,10.7775],[-1.4961,10.7866],[-1.4915,10.8063],[-1.5005,10.8144],[-1.4918,10.834],[-1.4786,10.8308],[-1.4731,10.844],[-1.4584,10.849],[-1.4479,10.9641],[-1.4228,11.0203],[-1.3961,10.9906],[-1.3772,10.9861],[-1.1817,10.9892],[-1.171,10.9766],[-1.1761,10.9464],[-1.1692,10.9361],[-1.1514,10.9678],[-1.1539,10.9881],[-1.1146,10.9858],[-1.1148,11.0039],[-1.0003,11.0079],[-1.0001,10.9978],[-1.0315,10.9834],[-1.0364,10.9698],[-1.0678,10.9481],[-1.0863,10.9493],[-1.1326,10.9216],[-1.1666,10.921],[-1.1589,10.8767],[-1.1883,10.8703],[-1.196,10.8217],[-1.2307,10.8087],[-1.2411,10.7951],[-1.2913,10.8254],[-1.3764,10.8119],[-1.3747,10.8046],[-1.4017,10.7927],[-1.3938,10.7619],[-1.4054,10.7272],[-1.4264,10.7499]]]]}},{"type":"Feature","id":17,"properties":{"id":17,"name":"Wa West"},"geometry":{"type":"Polygon","coordinates":[[[-2.4482,9.9043],[-2.4594,9.9016],[-2.4548,9.8703],[-2.4753,9.8245],[-2.4892,9.8175],[-2.4844,9.7888],[-2.4942,9.7839],[-2.4965,9.7658],[-2.4853,9.7581],[-2.5089,9.7458],[-2.5076,9.72],[-2.5215,9.6867],[-2.6805,9.6316],[-2.7452,9.6415],[-2.7585,9.6807],[-2.7874,9.6972],[-2.7905,9.7464],[-2.7586,9.8005],[-2.7325,9.815],[-2.7268,9.8289],[-2.7626,9.8849],[-2.7643,9.9129],[-2.7432,9.9591],[-2.7823,10.027],[-2.794,10.1264],[-2.7887,10.1814],[-2.7423,10.205],[-2.7032,10.1843],[-2.6915,10.1634],[-2.6574,10.1543],[-2.6141,10.1655],[-2.6092,10.1538],[-2.6168,10.1489],[-2.5856,10.1206],[-2.5777,10.0996],[-2.5967,10.0773],[-2.579,10.0796],[-2.5854,10.0584],[-2.569,10.0446],[-2.6118,10.041],[-2.6152,10.032],[-2.6086,10.0011],[-2.596,9.9955],[-2.5995,9.9867],[-2.582,9.9849],[-2.5935,9.975],[-2.6017,9.9417],[-2.5666,9.9242],[-2.547,9.9406],[-2.531,9.9348],[-2.4828,9.9581],[-2.4602,9.9434],[-2.4482,9.9043]]]}},{"type":"Feature","id":18,"properties":{"id":18,"name":"Sunyani Municipal"},"geometry":{"type":"Polygon","coordinates":[[[-2.2457,7.2796],[-2.2687,7.2743],[-2.2652,7.2455],[-2.2734,7.2372],[-2.2815,7.247],[-2.2851,7.2267],[-2.3249,7.2371],[-2.3407,7.2178],[-2.3501,7.187],[-2.2884,7.1409],[-2.3033,7.1208],[-2.2953,7.113],[-2.2984,7.0983],[-2.3297,7.1059],[-2.3242,7.1228],[-2.3501,7.1291],[-2.3725,7.1021],[-2.4385,7.0888],[-2.4005,7.1118],[-2.4476,7.1406],[-2.4937,7.1334],[-2.4935,7.2169],[-2.469,7.2482],[-2.4374,7.2454],[-2.4288,7.287],[-2.4359,7.3074],[-2.4228,7.3181],[-2.3562,7.3332],[-2.3472,7.3611],[-2.3244,7.3676],[-2.3075,7.3526],[-2.2485,7.3469],[-2.2251,7.3621],[-2.2099,7.3143],[-2.2457,7.2796]]]}},{"type":"Feature","id":19,"properties":{"id":19,"name":"Sawla-tuna-kalba"},"geometry":{"type":"Polygon","coordinates":[[[-2.0969,9.8137],[-2.0864,9.7855],[-2.0422,9.7797],[-2.0248,9.786],[-2.0034,9.8222],[-1.9868,9.8251],[-1.9203,9.7463],[-1.9074,9.7066],[-1.9116,9.6879],[-1.886,9.6487],[-1.9059,9.6326],[-1.9272,9.5875],[-1.9132,9.5639],[-1.9314,9.5458],[-1.957,9.5443],[-1.9676,9.5763],[-1.9963,9.58],[-2.01,9.5914],[-2.0432,9.5838],[-2.0869,9.5644],[-2.1215,9.5077],[-2.1462,9.4986],[-2.1273,9.4345],[-2.1311,9.419],[-2.1163,9.3945],[-2.1231,9.3859],[-2.1653,9.3838],[-2.1806,9.361],[-2.1997,9.3571],[-2.2195,9.3361],[-2.255,9.263],[-2.2922,9.2366],[-2.2697,9.2228],[-2.2562,9.177],[-2.2588,9.1547],[-2.332,9.145],[-2.3502,9.1548],[-2.3654,9.1368],[-2.4036,9.1733],[-2.4063,9.2366],[-2.452,9.2359],[-2.4822,9.2097],[-2.6074,9.1875],[-2.6193,9.1935],[-2.6448,9.1854],[-2.6702,9.1969],[-2.6833,9.1915],[-2.7116,9.2102],[-2.6619,9.2401],[-2.6566,9.2556],[-2.6849,9.287],[-2.7106,9.2912],[-2.7213,9.3129],[-2.7195,9.3347],[-2.7031,9.3393],[-2.6773,9.3687],[-2.6736,9.3874],[-2.6901,9.4524],[-2.6847,9.4874],[-2.7138,9.5239],[-2.7622,9.5576],[-2.7711,9.6013],[-2.7436,9.6422],[-2.6805,9.6316],[-2.5215,9.6867],[-2.5076,9.72],[-2.5089,9.7458],[-2.4211,9.7724],[-2.0969,9.8137]]]}},{"type":"Feature","id":20,"properties":{"id":20,"name":"Asante Akim South"},"geometry":{"type":"Polygon","coordinates":[[[-0.9718,6.612],[-0.9451,6.627],[-0.9455,6.6391],[-0.9236,6.6409],[-0.9101,6.6104],[-0.9137,6.5927],[-0.9565,6.5594],[-0.9774,6.5186],[-1.0006,6.5001],[-1.0123,6.4683],[-1.0057,6.4428],[-1.018,6.4361],[-1.0103,6.415],[-1.0356,6.413],[-1.0418,6.4005],[-1.1143,6.3528],[-1.1199,6.3259],[-1.1122,6.3206],[-1.1312,6.316],[-1.1278,6.302],[-1.1386,6.2963],[-1.1269,6.2862],[-1.128,6.2712],[-1.1163,6.2687],[-1.1254,6.2439],[-1.1205,6.209],[-1.1364,6.198],[-1.1642,6.2064],[-1.1978,6.1996],[-1.2014,6.2218],[-1.2137,6.2278],[-1.2304,6.2642],[-1.2297,6.2844],[-1.24,6.2805],[-1.2591,6.3054],[-1.2699,6.3363],[-1.2796,6.3361],[-1.28,6.357],[-1.2977,6.3727],[-1.2966,6.4002],[-1.2802,6.4275],[-1.2351,6.4414],[-1.2018,6.49],[-1.227,6.5239],[-1.217,6.5363],[-1.2194,6.5706],[-1.2042,6.5855],[-1.1649,6.5889],[-1.1824,6.6019],[-1.1611,6.6123],[-1.1753,6.6312],[-1.1331,6.6532],[-1.1332,6.6687],[-1.1233,6.6729],[-1.1018,6.7189],[-1.0564,6.7204],[-1.0536,6.7087],[-1.0272,6.7242],[-0.9965,6.6958],[-1.0204,6.6438],[-0.9725,6.6456],[-0.9718,6.612]]]}},{"type":"Feature","id":21,"properties":{"id":21,"name":"Sissala East"},"geometry":{"type":"Polygon","coordinates":[[[-1.6812,10.2191],[-1.8222,10.2993],[-1.8273,10.3239],[-1.895,10.4144],[-1.92,10.3745],[-1.9593,10.3581],[-1.9823,10.3608],[-2.0085,10.3168],[-2.03,10.3028],[-2.0601,10.3166],[-2.0683,10.3388],[-2.0492,10.3543],[-2.0629,10.4027],[-2.09,10.4436],[-2.1164,10.449],[-2.1369,10.4409],[-2.1616,10.4666],[-2.1864,10.4639],[-2.1783,10.4864],[-2.1826,10.5058],[-2.1634,10.5197],[-2.1785,10.5522],[-2.1586,10.5582],[-2.1309,10.591],[-2.1407,10.6087],[-2.1214,10.6608],[-2.1794,10.7998],[-2.1673,10.8106],[-2.1451,10.8114],[-2.1305,10.8307],[-2.1039,10.8305],[-2.0904,10.8116],[-2.076,10.8084],[-2.0449,10.8502],[-2.0113,10.8714],[-1.9883,10.9101],[-1.9621,10.9267],[-1.9722,10.9659],[-2.0063,11.004],[-1.7434,11.0081],[-1.7445,11.038],[-1.5458,11.0402],[-1.5441,11.0102],[-1.4285,11.0111],[-1.4479,10.9641],[-1.4584,10.849],[-1.4731,10.844],[-1.4786,10.8308],[-1.4946,10.8293],[-1.4997,10.7819],[-1.5235,10.7769],[-1.5336,10.748],[-1.5568,10.7469],[-1.5682,10.7234],[-1.5735,10.6679],[-1.5664,10.5995],[-1.5539,10.5863],[-1.5266,10.5883],[-1.516,10.5767],[-1.5183,10.5621],[-1.4899,10.5501],[-1.4859,10.5383],[-1.4571,10.5333],[-1.4485,10.5169],[-1.4628,10.5092],[-1.4669,10.4868],[-1.434,10.4677],[-1.5703,10.3554],[-1.6636,10.1737],[-1.6812,10.2191]]]}},{"type":"Feature","id":22,"properties":{"id":22,"name":"Ada East"},"geometry":{"type":"Polygon","coordinates":[[[0.6573,5.7694],[0.4583,5.7888],[0.4548,5.8012],[0.4661,5.8097],[0.4716,5.8332],[0.4906,5.8435],[0.4796,5.8494],[0.4976,5.8884],[0.4942,5.9172],[0.5028,5.9347],[0.496,5.958],[0.5074,5.9621],[0.4976,5.9668],[0.4985,5.9813],[0.5254,5.9788],[0.524,5.9549],[0.5417,5.9497],[0.551,5.9203],[0.561,5.9401],[0.5821,5.9273],[0.5874,5.9134],[0.5746,5.8999],[0.6191,5.8758],[0.615,5.8646],[0.6315,5.8668],[0.6197,5.854],[0.6203,5.8343],[0.6429,5.841],[0.6546,5.8272],[0.6519,5.8052],[0.6777,5.7952],[0.688,5.7778],[0.6573,5.7694]]]}},{"type":"Feature","id":23,"properties":{"id":23,"name":"Shai Osudoku"},"geometry":{"type":"Polygon","coordinates":[[[0.2388,5.9299],[0.174,5.8566],[0.1184,5.8333],[0.096,5.8507],[0.0719,5.8272],[0.0035,5.8214],[-0.0195,5.836],[-0.0757,5.8466],[-0.1222,5.8802],[-0.0063,5.9711],[-0.0137,6.0013],[0.0058,6.0121],[0.019,6.0619],[0.0404,6.0479],[0.0898,6.0629],[0.1468,6.1091],[0.1894,6.0968],[0.2289,6.1101],[0.233,6.1103],[0.2478,6.1057],[0.2848,6.0808],[0.2955,6.0573],[0.3378,6.0472],[0.3318,6.0339],[0.3487,6.0222],[0.3297,5.9966],[0.3533,5.9866],[0.3408,5.9357],[0.2388,5.9299]]]}},{"type":"Feature","id":24,"properties":{"id":24,"name":"Kasena Nankana East"},"geometry":{"type":"MultiPolygon","coordinates":[[[[-1.1817,10.9892],[-1.1539,10.9881],[-1.1496,10.9746],[-1.1692,10.9361],[-1.1761,10.9464],[-1.1737,10.9781],[-1.1817,10.9892]]],[[[-0.9971,10.8193],[-1.0139,10.7467],[-1.0055,10.728],[-0.9918,10.7322],[-0.9841,10.7179],[-0.9592,10.7086],[-0.9836,10.6816],[-0.944,10.6172],[-0.9565,10.5772],[-0.932,10.5395],[-0.936,10.5265],[-1.0084,10.538],[-1.066,10.4973],[-1.0835,10.511],[-1.0674,10.5402],[-1.1135,10.6419],[-1.1092,10.6526],[-1.0998,10.6461],[-1.0826,10.6607],[-1.0931,10.6845],[-1.114,10.6752],[-1.1208,10.6928],[-1.0966,10.7312],[-1.1291,10.746],[-1.1256,10.7643],[-1.1358,10.7732],[-1.1341,10.7984],[-1.1212,10.803],[-1.1102,10.8352],[-1.118,10.8517],[-1.1317,10.8484],[-1.1517,10.8796],[-1.1589,10.8767],[-1.1666,10.921],[-1.1326,10.9216],[-1.0863,10.9493],[-1.0678,10.9481],[-1.003,10.9984],[-0.9165,11.0022],[-0.9116,10.9774],[-0.9358,10.947],[-0.9455,10.9431],[-0.967,10.9595],[-0.987,10.959],[-1.0183,10.9329],[-1.0066,10.8794],[-0.9869,10.8648],[-0.9838,10.8718],[-0.9713,10.8667],[-0.9645,10.8522],[-0.9971,10.8193]]]]}},{"type":"Feature","id":25,"properties":{"id":25,"name":"Ada West"},"geometry":{"type":"Polygon","coordinates":[[[0.4974,5.9774],[0.5074,5.9621],[0.496,5.958],[0.5028,5.9347],[0.4942,5.9172],[0.4976,5.8884],[0.4811,5.8629],[0.4896,5.8387],[0.4716,5.8332],[0.4661,5.8097],[0.4548,5.8012],[0.4583,5.7888],[0.3511,5.785],[0.3478,5.827],[0.3587,5.8328],[0.3457,5.8581],[0.3498,5.8856],[0.3378,5.9308],[0.3439,5.9539],[0.4343,5.974],[0.4501,6.0016],[0.4837,5.9925],[0.4847,5.9755],[0.4905,5.9953],[0.515,5.9829],[0.4974,5.9774]]]}},{"type":"Feature","id":26,"properties":{"id":26,"name":"Bunkpurugu Nakpanduri"},"geometry":{"type":"Polygon","coordinates":[[[0.1582,10.3732],[0.157,10.3551],[0.1129,10.3406],[0.1048,10.3223],[0.0856,10.3097],[0.0562,10.3072],[0.0484,10.3398],[0.0695,10.3831],[0.0405,10.406],[0.0334,10.4636],[0.0139,10.4876],[-0.1676,10.5378],[-0.2191,10.5252],[-0.2213,10.5462],[-0.1901,10.5783],[-0.2272,10.5972],[-0.2443,10.6437],[-0.1828,10.6701],[-0.1535,10.6715],[-0.0904,10.7119],[-0.0593,10.6324],[0.0413,10.6016],[0.0604,10.5616],[0.1436,10.5257],[0.1592,10.4736],[0.1545,10.4653],[0.1721,10.4511],[0.1696,10.4293],[0.1884,10.4184],[0.1981,10.3866],[0.1582,10.3732]]]}},{"type":"Feature","id":27,"properties":{"id":27,"name":"Garu"},"geometry":{"type":"Polygon","coordinates":[[[-0.23,10.6555],[-0.2621,10.6315],[-0.2818,10.6394],[-0.314,10.6211],[-0.3386,10.6195],[-0.3295,10.65],[-0.3421,10.6704],[-0.3653,10.6829],[-0.3758,10.7479],[-0.3322,10.7885],[-0.3545,10.7999],[-0.3531,10.8164],[-0.3352,10.8383],[-0.3222,10.8381],[-0.2693,10.8878],[-0.2387,10.8828],[-0.2157,10.9115],[-0.1816,10.9216],[-0.1665,10.9069],[-0.1594,10.8684],[-0.143,10.8661],[-0.1218,10.8046],[-0.096,10.7877],[-0.0929,10.7662],[-0.0701,10.764],[-0.073,10.7199],[-0.1535,10.6715],[-0.23,10.6555]]]}},{"type":"Feature","id":28,"properties":{"id":28,"name":"Ningo/prampram"},"geometry":{"type":"Polygon","coordinates":[[[0.0035,5.8214],[0.0719,5.8272],[0.096,5.8507],[0.1184,5.8333],[0.174,5.8566],[0.2388,5.9299],[0.3408,5.9357],[0.3457,5.8581],[0.3587,5.8328],[0.3478,5.827],[0.3511,5.785],[0.2528,5.7663],[0.2192,5.7464],[0.1848,5.7434],[0.1411,5.7238],[0.1245,5.7069],[0.0673,5.6931],[0.0733,5.7105],[0.0659,5.7201],[-0.0012,5.7413],[-0.0614,5.7992],[-0.0714,5.8211],[-0.0606,5.8453],[0.0035,5.8214]]]}},{"type":"Feature","id":29,"properties":{"id":29,"name":"East Mamprusi"},"geometry":{"type":"Polygon","coordinates":[[[-0.0278,10.3162],[-0.0248,10.2712],[-0.0721,10.2951],[-0.0882,10.295],[-0.094,10.2694],[-0.1168,10.2872],[-0.152,10.2947],[-0.203,10.2658],[-0.2383,10.2878],[-0.2694,10.2762],[-0.2955,10.2914],[-0.3546,10.2739],[-0.3595,10.2617],[-0.3859,10.2979],[-0.4553,10.3017],[-0.484,10.3275],[-0.5044,10.3179],[-0.5057,10.3078],[-0.5215,10.3275],[-0.536,10.3243],[-0.5903,10.3482],[-0.5949,10.3732],[-0.6154,10.3954],[-0.6177,10.4218],[-0.6595,10.417],[-0.6506,10.4588],[-0.6705,10.481],[-0.6621,10.5011],[-0.6676,10.527],[-0.6407,10.5556],[-0.5936,10.5461],[-0.554,10.5717],[-0.516,10.5605],[-0.4998,10.6233],[-0.4682,10.618],[-0.4436,10.5997],[-0.3962,10.6082],[-0.3657,10.6251],[-0.314,10.6211],[-0.2818,10.6394],[-0.2621,10.6315],[-0.2443,10.6437],[-0.2272,10.5972],[-0.1901,10.5783],[-0.2226,10.5358],[-0.2124,10.4363],[-0.1858,10.4084],[-0.1803,10.3743],[-0.0988,10.34],[-0.0514,10.3631],[-0.0093,10.3491],[-0.0068,10.3305],[-0.0278,10.3162]]]}},{"type":"Feature","id":30,"properties":{"id":30,"name":"La Dade-kotopon"},"geometry":{"type":"Polygon","coordinates":[[[-0.1339,5.5633],[-0.1741,5.5498],[-0.1774,5.565],[-0.1903,5.572],[-0.1764,5.623],[-0.1575,5.6291],[-0.1573,5.6181],[-0.1333,5.6062],[-0.1339,5.5633]]]}},{"type":"Feature","id":31,"properties":{"id":31,"name":"Bawku West"},"geometry":{"type":"Polygon","coordinates":[[[-0.3758,10.7479],[-0.3653,10.6829],[-0.3421,10.6704],[-0.3295,10.65],[-0.3387,10.626],[-0.4436,10.5997],[-0.4682,10.618],[-0.4998,10.6233],[-0.5083,10.5672],[-0.5202,10.5588],[-0.5494,10.6051],[-0.5238,10.6225],[-0.5392,10.6328],[-0.5332,10.6446],[-0.5469,10.6743],[-0.5469,10.7157],[-0.5676,10.7332],[-0.5772,10.7661],[-0.5738,10.7897],[-0.5567,10.807],[-0.6015,10.8547],[-0.6187,10.9103],[-0.5932,10.9237],[-0.5688,10.9914],[-0.5529,10.9907],[-0.5447,10.975],[-0.5296,11.0006],[-0.5113,10.9889],[-0.5018,11.0167],[-0.4803,11.0229],[-0.4757,11.0353],[-0.4379,11.0304],[-0.4281,11.1142],[-0.4012,11.1269],[-0.3726,11.1231],[-0.3724,11.0922],[-0.3604,11.0779],[-0.3741,11.0546],[-0.3704,11.0365],[-0.3899,11.0242],[-0.3871,10.9701],[-0.3646,10.9572],[-0.382,10.9411],[-0.3718,10.9263],[-0.3802,10.9226],[-0.3795,10.899],[-0.3903,10.899],[-0.3838,10.8671],[-0.3963,10.8541],[-0.3886,10.8294],[-0.3322,10.7885],[-0.3758,10.7479]]]}},{"type":"Feature","id":32,"properties":{"id":32,"name":"Aowin"},"geometry":{"type":"Polygon","coordinates":[[[-2.9059,6.0046],[-2.8871,5.999],[-2.8861,5.9832],[-2.8745,5.9745],[-2.7498,5.9636],[-2.7244,5.9892],[-2.6644,5.9754],[-2.6795,5.9627],[-2.6769,5.9372],[-2.6559,5.9651],[-2.6465,5.9598],[-2.624,5.9704],[-2.6072,5.9622],[-2.5494,5.9804],[-2.5385,5.9785],[-2.5347,5.9653],[-2.5151,5.9669],[-2.4972,5.9172],[-2.5098,5.9145],[-2.5103,5.8991],[-2.4981,5.896],[-2.4871,5.8699],[-2.513,5.8652],[-2.5206,5.8354],[-2.5121,5.8347],[-2.5177,5.8248],[-2.486,5.8257],[-2.4827,5.802],[-2.5015,5.81],[-2.4978,5.785],[-2.5088,5.7773],[-2.5296,5.7857],[-2.5251,5.7952],[-2.5565,5.7942],[-2.5684,5.8109],[-2.582,5.8078],[-2.5712,5.7694],[-2.6074,5.7369],[-2.5813,5.7408],[-2.551,5.6897],[-2.572,5.6904],[-2.5745,5.6783],[-2.5635,5.6767],[-2.5803,5.6649],[-2.5764,5.6577],[-2.5585,5.6605],[-2.5531,5.6467],[-2.5734,5.648],[-2.5733,5.6277],[-2.5821,5.6232],[-2.569,5.6086],[-2.5716,5.5909],[-2.5589,5.5817],[-2.5667,5.5811],[-2.569,5.5591],[-2.5769,5.5624],[-2.5722,5.5419],[-2.5912,5.5464],[-2.596,5.5254],[-2.6044,5.5265],[-2.5986,5.5123],[-2.5788,5.5137],[-2.5794,5.4863],[-2.5975,5.4861],[-2.6001,5.4704],[-2.5906,5.4648],[-2.6041,5.4655],[-2.6011,5.4541],[-2.6104,5.4486],[-2.6205,5.4086],[-2.6995,5.3425],[-2.7206,5.3459],[-2.7242,5.3878],[-2.7478,5.4379],[-2.7683,5.5544],[-2.7614,5.5993],[-2.7789,5.6058],[-2.7753,5.6151],[-2.785,5.6142],[-2.7927,5.6279],[-2.8071,5.6183],[-2.8087,5.6273],[-2.8222,5.6264],[-2.8584,5.6571],[-2.886,5.6347],[-2.9345,5.6198],[-2.9476,5.6366],[-2.9667,5.6406],[-2.9533,5.6738],[-2.9527,5.716],[-3.0261,5.7097],[-3.0205,5.8571],[-3.0728,5.9825],[-3.0024,6.0107],[-2.9529,6.0458],[-2.9431,6.0349],[-2.9083,6.0416],[-2.9059,6.0046]]]}},{"type":"Feature","id":33,"properties":{"id":33,"name":"Dormaa East"},"geometry":{"type":"Polygon","coordinates":[[[-2.4868,7.2181],[-2.5168,7.2308],[-2.5559,7.2305],[-2.5806,7.2088],[-2.5812,7.1805],[-2.6072,7.1804],[-2.6514,7.1415],[-2.6827,7.1406],[-2.6904,7.1322],[-2.7128,7.1676],[-2.7419,7.1882],[-2.7294,7.2189],[-2.7589,7.2314],[-2.7914,7.27],[-2.8141,7.2748],[-2.8145,7.3028],[-2.7954,7.3011],[-2.7901,7.3124],[-2.7878,7.3353],[-2.8028,7.3634],[-2.7762,7.3843],[-2.7331,7.3885],[-2.7334,7.3957],[-2.721,7.3803],[-2.6823,7.3776],[-2.6209,7.334],[-2.5069,7.2866],[-2.4747,7.2413],[-2.4868,7.2181]]]}},{"type":"Feature","id":34,"properties":{"id":34,"name":"Suaman"},"geometry":{"type":"Polygon","coordinates":[[[-2.9431,6.0349],[-2.9529,6.0458],[-3.0024,6.0107],[-3.0728,5.9825],[-3.1023,6.1519],[-3.1309,6.2081],[-3.1252,6.2267],[-3.0889,6.2309],[-3.0587,6.2191],[-3.0457,6.2285],[-3.0314,6.2258],[-3.0302,6.209],[-3.0207,6.2117],[-2.9958,6.1932],[-2.9861,6.2055],[-2.9666,6.1981],[-2.9597,6.1645],[-2.9447,6.1612],[-2.9221,6.1097],[-2.9293,6.0827],[-2.95,6.071],[-2.9354,6.0589],[-2.9258,6.062],[-2.9083,6.0416],[-2.9431,6.0349]]]}},{"type":"Feature","id":35,"properties":{"id":35,"name":"Berekum East Municipal"},"geometry":{"type":"Polygon","coordinates":[[[-2.5363,7.3024],[-2.5445,7.3295],[-2.5714,7.3588],[-2.5965,7.4398],[-2.6445,7.4905],[-2.6508,7.5167],[-2.633,7.5825],[-2.6663,7.6423],[-2.655,7.6745],[-2.5747,7.6756],[-2.5423,7.6589],[-2.531,7.6228],[-2.5154,7.6215],[-2.4776,7.5868],[-2.4755,7.5672],[-2.5135,7.5478],[-2.5109,7.5253],[-2.5259,7.5098],[-2.5223,7.4973],[-2.4931,7.4873],[-2.491,7.4726],[-2.5415,7.4454],[-2.5317,7.4168],[-2.5038,7.3891],[-2.5034,7.3655],[-2.5208,7.3712],[-2.5179,7.3283],[-2.5065,7.3201],[-2.5134,7.2897],[-2.5363,7.3024]]]}},{"type":"Feature","id":36,"properties":{"id":36,"name":"Bia East"},"geometry":{"type":"Polygon","coordinates":[[[-2.858,6.8197],[-2.8375,6.7887],[-2.8498,6.7728],[-2.8413,6.7503],[-2.8659,6.7187],[-2.8481,6.669],[-2.8935,6.645],[-2.9486,6.6873],[-2.9482,6.7479],[-2.9949,6.7624],[-3.0671,6.7687],[-3.094,6.7996],[-3.1325,6.8065],[-3.1569,6.7972],[-3.1634,6.815],[-3.2258,6.8249],[-3.1166,7.0059],[-3.0756,6.9719],[-3.0728,6.9437],[-3.0339,6.9275],[-2.9887,6.9464],[-2.969,6.937],[-2.9386,6.9414],[-2.8541,6.8316],[-2.858,6.8197]]]}},{"type":"Feature","id":37,"properties":{"id":37,"name":"Jaman South Municipal"},"geometry":{"type":"Polygon","coordinates":[[[-2.6858,7.609],[-2.6945,7.5624],[-2.7308,7.5701],[-2.718,7.5399],[-2.781,7.5475],[-2.7671,7.5009],[-2.7952,7.4827],[-2.7967,7.462],[-2.8047,7.4681],[-2.8889,7.4261],[-2.8931,7.4167],[-2.9035,7.4255],[-2.9121,7.4519],[-2.9371,7.4803],[-2.9235,7.6086],[-2.8486,7.7802],[-2.8261,7.8057],[-2.8304,7.8205],[-2.7675,7.7948],[-2.7626,7.7661],[-2.7292,7.735],[-2.723,7.7168],[-2.7033,7.6964],[-2.6768,7.6924],[-2.668,7.6726],[-2.655,7.6745],[-2.6858,7.609]]]}},{"type":"Feature","id":38,"properties":{"id":38,"name":"Bia West"},"geometry":{"type":"Polygon","coordinates":[[[-3.1634,6.815],[-3.1569,6.7972],[-3.1325,6.8065],[-3.094,6.7996],[-3.0671,6.7687],[-2.9949,6.7624],[-2.9482,6.7479],[-2.9486,6.6873],[-2.9015,6.6451],[-2.8894,6.6519],[-2.8823,6.6459],[-2.8818,6.6205],[-2.8732,6.6117],[-2.8961,6.5818],[-2.8952,6.5597],[-2.9225,6.5423],[-2.9194,6.5255],[-2.9308,6.5069],[-2.9254,6.4952],[-2.9377,6.4869],[-2.9695,6.5051],[-3.0175,6.5048],[-3.0296,6.5273],[-3.0247,6.5337],[-3.0371,6.5399],[-3.0374,6.5082],[-3.069,6.5302],[-3.082,6.5244],[-3.12,6.4648],[-3.1109,6.4363],[-3.0927,6.4205],[-3.0995,6.3845],[-3.0916,6.349],[-3.1264,6.3646],[-3.1513,6.3459],[-3.1652,6.3128],[-3.177,6.3129],[-3.1858,6.326],[-3.2366,6.5387],[-3.2341,6.5965],[-3.2621,6.6176],[-3.2567,6.6439],[-3.2353,6.6677],[-3.2322,6.7006],[-3.209,6.7316],[-3.2178,6.7488],[-3.2119,6.7553],[-3.2313,6.7767],[-3.2262,6.8246],[-3.1634,6.815]]]}},{"type":"Feature","id":39,"properties":{"id":39,"name":"Sunyani West"},"geometry":{"type":"Polygon","coordinates":[[[-2.2541,7.5826],[-2.2394,7.5651],[-2.2621,7.5266],[-2.2674,7.5001],[-2.2605,7.4885],[-2.2236,7.4692],[-2.168,7.4791],[-2.1476,7.4954],[-2.1139,7.495],[-2.1141,7.4424],[-2.1408,7.4091],[-2.1355,7.3738],[-2.1475,7.3657],[-2.1524,7.3411],[-2.1667,7.325],[-2.2101,7.3134],[-2.2251,7.3621],[-2.2485,7.3469],[-2.3075,7.3526],[-2.3244,7.3676],[-2.3425,7.3629],[-2.3562,7.3332],[-2.4228,7.3181],[-2.4359,7.3074],[-2.4288,7.287],[-2.4374,7.2454],[-2.469,7.2482],[-2.4747,7.2413],[-2.5134,7.2897],[-2.5065,7.3201],[-2.5179,7.3283],[-2.5208,7.3712],[-2.5034,7.3655],[-2.5038,7.3891],[-2.5317,7.4168],[-2.5415,7.4454],[-2.491,7.4726],[-2.4931,7.4873],[-2.5223,7.4973],[-2.5259,7.5098],[-2.5109,7.5253],[-2.5175,7.5415],[-2.4755,7.5672],[-2.4807,7.5937],[-2.4728,7.5996],[-2.4476,7.5935],[-2.4166,7.5699],[-2.3923,7.5738],[-2.3846,7.5629],[-2.336,7.5802],[-2.2729,7.5855],[-2.2671,7.604],[-2.2491,7.6086],[-2.2541,7.5826]]]}},{"type":"Feature","id":40,"properties":{"id":40,"name":"Asunafo North Municipal"},"geometry":{"type":"Polygon","coordinates":[[[-2.8481,6.669],[-2.8659,6.7187],[-2.8413,6.7503],[-2.8498,6.7728],[-2.8375,6.7887],[-2.8658,6.8504],[-2.8493,6.8868],[-2.8521,6.9422],[-2.844,6.9573],[-2.8119,6.9734],[-2.7925,7.0098],[-2.7602,7.0259],[-2.6913,7.0071],[-2.6695,7.0197],[-2.6512,7.0131],[-2.6313,7.028],[-2.6231,7.0005],[-2.5355,6.9642],[-2.5128,6.9337],[-2.5362,6.8954],[-2.5194,6.8617],[-2.5192,6.8442],[-2.531,6.8325],[-2.4921,6.7688],[-2.5068,6.7637],[-2.5034,6.7521],[-2.5159,6.7374],[-2.5,6.6488],[-2.5331,6.6026],[-2.6158,6.6559],[-2.5996,6.6657],[-2.5834,6.6599],[-2.5715,6.6713],[-2.6241,6.6906],[-2.6322,6.7098],[-2.6526,6.7211],[-2.7028,6.6782],[-2.7029,6.6655],[-2.7363,6.6443],[-2.7877,6.6497],[-2.7893,6.6411],[-2.8091,6.6442],[-2.832,6.6304],[-2.8517,6.643],[-2.8694,6.6382],[-2.8664,6.6498],[-2.8775,6.653],[-2.8481,6.669]]]}},{"type":"Feature","id":41,"properties":{"id":41,"name":"Bodi"},"geometry":{"type":"Polygon","coordinates":[[[-2.9666,6.1981],[-2.9861,6.2055],[-2.9958,6.1932],[-3.0207,6.2117],[-3.0302,6.209],[-3.0296,6.2508],[-3.018,6.2764],[-2.989,6.2631],[-2.9612,6.2667],[-2.949,6.2888],[-2.9358,6.2926],[-2.9421,6.3052],[-2.9348,6.3138],[-2.9071,6.3243],[-2.8799,6.3151],[-2.8254,6.3184],[-2.8168,6.3227],[-2.8239,6.3307],[-2.8066,6.3392],[-2.7868,6.3374],[-2.7638,6.3162],[-2.7224,6.374],[-2.7315,6.3797],[-2.7188,6.3965],[-2.7043,6.3813],[-2.6777,6.3872],[-2.6606,6.3707],[-2.6617,6.3564],[-2.647,6.3358],[-2.6286,6.3226],[-2.6241,6.3121],[-2.6342,6.3119],[-2.6435,6.2702],[-2.6646,6.2737],[-2.6869,6.263],[-2.6763,6.2485],[-2.686,6.2351],[-2.7145,6.2386],[-2.7205,6.2287],[-2.7458,6.2238],[-2.7615,6.174],[-2.7802,6.1499],[-2.7731,6.1184],[-2.8368,6.0835],[-2.8455,6.1414],[-2.8752,6.1657],[-2.8903,6.1953],[-2.9597,6.1645],[-2.9666,6.1981]]]}},{"type":"Feature","id":42,"properties":{"id":42,"name":"Juaboso"},"geometry":{"type":"Polygon","coordinates":[[[-3.0587,6.2191],[-3.118,6.2334],[-3.1309,6.2081],[-3.1548,6.2522],[-3.1743,6.2516],[-3.177,6.3129],[-3.1652,6.3128],[-3.1513,6.3459],[-3.1239,6.3649],[-3.0916,6.349],[-3.0995,6.3845],[-3.0927,6.4205],[-3.1109,6.4363],[-3.12,6.4648],[-3.082,6.5244],[-3.069,6.5302],[-3.0374,6.5082],[-3.0371,6.5399],[-3.0247,6.5337],[-3.0296,6.5273],[-3.0175,6.5048],[-2.9695,6.5051],[-2.9377,6.4869],[-2.9254,6.4952],[-2.9308,6.5069],[-2.9194,6.5255],[-2.9225,6.5423],[-2.8952,6.5597],[-2.8961,6.5818],[-2.8746,6.6056],[-2.8823,6.6459],[-2.8725,6.6541],[-2.8694,6.6382],[-2.8517,6.643],[-2.8037,6.616],[-2.7798,6.5758],[-2.7273,6.5888],[-2.6811,6.572],[-2.6741,6.5054],[-2.6849,6.4935],[-2.7439,6.4843],[-2.7296,6.4561],[-2.7161,6.4587],[-2.7258,6.4231],[-2.7166,6.4014],[-2.7315,6.3797],[-2.7224,6.374],[-2.7638,6.3162],[-2.7868,6.3374],[-2.8066,6.3392],[-2.8239,6.3307],[-2.8168,6.3227],[-2.8254,6.3184],[-2.9243,6.3195],[-2.9421,6.3052],[-2.9358,6.2926],[-2.949,6.2888],[-2.9612,6.2667],[-2.989,6.2631],[-3.018,6.2764],[-3.0314,6.2258],[-3.0587,6.2191]]]}},{"type":"Feature","id":43,"properties":{"id":43,"name":"Nkoranza North"},"geometry":{"type":"Polygon","coordinates":[[[-1.4854,7.8379],[-1.4746,7.8052],[-1.4436,7.8111],[-1.4318,7.7988],[-1.3943,7.8096],[-1.3747,7.7999],[-1.3846,7.7949],[-1.3566,7.785],[-1.354,7.7789],[-1.3817,7.7607],[-1.3825,7.7317],[-1.3677,7.7023],[-1.4119,7.6344],[-1.4008,7.6449],[-1.3927,7.6393],[-1.3358,7.66],[-1.2792,7.6186],[-1.3439,7.6194],[-1.3686,7.6029],[-1.3969,7.6003],[-1.4213,7.58],[-1.4464,7.5763],[-1.4534,7.5857],[-1.4702,7.5849],[-1.4813,7.5668],[-1.5052,7.5578],[-1.5301,7.5674],[-1.5698,7.5585],[-1.5878,7.5689],[-1.6187,7.5685],[-1.6559,7.5917],[-1.7106,7.595],[-1.7359,7.5753],[-1.7676,7.5724],[-1.7877,7.5844],[-1.7945,7.6054],[-1.8325,7.6254],[-1.8381,7.6551],[-1.8307,7.688],[-1.8581,7.6968],[-1.8539,7.7073],[-1.8645,7.7117],[-1.879,7.7153],[-1.9003,7.701],[-1.9099,7.7082],[-1.9101,7.7289],[-1.8833,7.7522],[-1.8093,7.7519],[-1.7912,7.7824],[-1.759,7.7801],[-1.6906,7.8157],[-1.6739,7.8088],[-1.6466,7.8137],[-1.6074,7.8435],[-1.5784,7.8821],[-1.5075,7.8552],[-1.4854,7.8379]]]}},{"type":"Feature","id":44,"properties":{"id":44,"name":"Kintampo South"},"geometry":{"type":"Polygon","coordinates":[[[-1.9141,7.8773],[-1.985,7.9662],[-2.0199,7.9554],[-2.0412,7.9644],[-2.044,7.9735],[-2.026,7.9961],[-2.0253,8.0239],[-2.0575,8.052],[-2.0649,8.089],[-2.1017,8.1358],[-2.1198,8.1391],[-2.1173,8.1571],[-2.0647,8.1461],[-2.0309,8.1527],[-1.9871,8.1047],[-1.9684,8.1086],[-1.9262,8.0595],[-1.9137,8.0638],[-1.9078,8.0533],[-1.8543,8.0495],[-1.8254,8.0772],[-1.7463,8.0597],[-1.7422,8.0465],[-1.7243,8.0375],[-1.7156,8.05],[-1.7018,8.0505],[-1.6715,8.0398],[-1.662,8.048],[-1.6357,8.0322],[-1.574,8.0309],[-1.5472,7.9989],[-1.535,8.0154],[-1.4922,8.0057],[-1.5079,7.9631],[-1.4989,7.9239],[-1.5171,7.881],[-1.5075,7.8552],[-1.5784,7.8821],[-1.6074,7.8435],[-1.6466,7.8137],[-1.7019,7.813],[-1.759,7.7801],[-1.7912,7.7824],[-1.8093,7.7519],[-1.8833,7.7522],[-1.9101,7.7289],[-1.9317,7.7414],[-1.9442,7.762],[-1.9259,7.7739],[-1.9491,7.7836],[-1.9029,7.8311],[-1.9141,7.8773]]]}},{"type":"Feature","id":45,"properties":{"id":45,"name":"Shama"},"geometry":{"type":"Polygon","coordinates":[[[-1.5802,5.0331],[-1.6224,5.021],[-1.6432,4.9713],[-1.6741,4.9654],[-1.6892,4.9779],[-1.6843,4.9893],[-1.697,4.9966],[-1.7034,5.0204],[-1.7152,5.026],[-1.7151,5.0526],[-1.699,5.0547],[-1.7065,5.0624],[-1.7016,5.0827],[-1.7175,5.1041],[-1.6489,5.0946],[-1.6417,5.117],[-1.6278,5.1169],[-1.6349,5.1233],[-1.6222,5.1285],[-1.6192,5.1437],[-1.5815,5.1549],[-1.5802,5.0331]]]}},{"type":"Feature","id":46,"properties":{"id":46,"name":"Tano North Municipal"},"geometry":{"type":"Polygon","coordinates":[[[-2.0656,7.2809],[-2.0773,7.267],[-2.069,7.2364],[-2.081,7.2114],[-2.049,7.1285],[-2.0931,7.0631],[-2.1256,7.0505],[-2.1353,7.0282],[-2.1399,7.0416],[-2.1503,7.0396],[-2.1824,7.0168],[-2.1853,7.0362],[-2.2231,7.0076],[-2.2331,7.0364],[-2.2532,7.0404],[-2.2807,6.9942],[-2.3216,7.0245],[-2.3166,7.0497],[-2.3006,7.0524],[-2.2997,7.0763],[-2.2874,7.0884],[-2.3033,7.1208],[-2.2884,7.1409],[-2.3501,7.187],[-2.3341,7.2294],[-2.3249,7.2371],[-2.2851,7.2267],[-2.2815,7.247],[-2.2734,7.2372],[-2.2652,7.2455],[-2.2661,7.2767],[-2.2457,7.2796],[-2.2405,7.2922],[-2.2184,7.301],[-2.2151,7.3144],[-2.1599,7.3296],[-2.1475,7.3657],[-2.1355,7.3738],[-2.1356,7.3955],[-2.0649,7.3195],[-2.0656,7.2809]]]}},{"type":"Feature","id":47,"properties":{"id":47,"name":"Wassa East"},"geometry":{"type":"Polygon","coordinates":[[[-1.6222,5.1285],[-1.6349,5.1233],[-1.6278,5.1169],[-1.6417,5.117],[-1.654,5.0948],[-1.6852,5.1003],[-1.6864,5.1173],[-1.7174,5.1175],[-1.744,5.1364],[-1.7819,5.1317],[-1.8028,5.1649],[-1.8547,5.19],[-1.8541,5.2231],[-1.7584,5.3102],[-1.8221,5.4468],[-1.8141,5.4666],[-1.8252,5.4834],[-1.8005,5.5008],[-1.7832,5.5337],[-1.7959,5.5438],[-1.8181,5.5404],[-1.8245,5.5932],[-1.7506,5.6269],[-1.7377,5.6236],[-1.6857,5.6423],[-1.6764,5.6081],[-1.6572,5.6185],[-1.6235,5.6021],[-1.6076,5.5635],[-1.5919,5.5633],[-1.5904,5.5544],[-1.594,5.5299],[-1.6081,5.5319],[-1.616,5.52],[-1.6127,5.4658],[-1.6017,5.4506],[-1.6225,5.4401],[-1.6288,5.422],[-1.6091,5.4234],[-1.5965,5.4107],[-1.563,5.4153],[-1.5139,5.3927],[-1.4893,5.3992],[-1.4748,5.3777],[-1.4621,5.3819],[-1.4566,5.348],[-1.3998,5.298],[-1.4277,5.289],[-1.4355,5.2675],[-1.4441,5.2678],[-1.4463,5.2101],[-1.5099,5.2083],[-1.5228,5.1996],[-1.5251,5.1707],[-1.6192,5.1437],[-1.6222,5.1285]]]}},{"type":"Feature","id":48,"properties":{"id":48,"name":"Ketu North"},"geometry":{"type":"Polygon","coordinates":[[[1.0315,6.1818],[1.0217,6.1714],[1.0365,6.1405],[1.0174,6.122],[0.9952,6.1201],[1.0029,6.109],[0.9875,6.1094],[0.9769,6.0903],[1.0135,6.0802],[1.02,6.0691],[0.9935,6.0589],[0.9988,6.0466],[0.8631,6.0697],[0.8843,6.1179],[0.8779,6.1229],[0.8916,6.1411],[0.8777,6.1486],[0.8741,6.1636],[0.9002,6.2177],[0.8975,6.2784],[0.9283,6.281],[0.9355,6.2735],[0.9593,6.2885],[0.964,6.335],[1.0044,6.3347],[1.0178,6.2697],[1.0365,6.2383],[1.0663,6.219],[1.0791,6.1712],[1.0315,6.1818]]]}},{"type":"Feature","id":49,"properties":{"id":49,"name":"Mpohor"},"geometry":{"type":"Polygon","coordinates":[[[-1.7175,5.1041],[-1.7016,5.0827],[-1.7065,5.0624],[-1.699,5.0547],[-1.7128,5.0545],[-1.7145,5.043],[-1.7308,5.048],[-1.7405,5.0346],[-1.738,5.0132],[-1.7711,5.0444],[-1.8119,4.9987],[-1.8115,4.9786],[-1.8409,4.9853],[-1.8434,4.9634],[-1.8844,4.9635],[-1.8664,4.9472],[-1.8667,4.9273],[-1.8984,4.9274],[-1.9329,4.9503],[-1.9587,4.9486],[-1.972,4.9587],[-1.979,4.9496],[-1.9886,4.9744],[-1.9767,4.9848],[-1.9735,5.021],[-1.951,5.0249],[-1.9502,5.1164],[-1.9387,5.1548],[-1.9283,5.1606],[-1.8949,5.1581],[-1.884,5.1444],[-1.8547,5.19],[-1.8028,5.1649],[-1.7819,5.1317],[-1.744,5.1364],[-1.7174,5.1175],[-1.6864,5.1173],[-1.6857,5.1027],[-1.7175,5.1041]]]}},{"type":"Feature","id":50,"properties":{"id":50,"name":"Wassa Amenfi West"},"geometry":{"type":"Polygon","coordinates":[[[-2.6041,5.4655],[-2.5906,5.4648],[-2.6001,5.4704],[-2.5975,5.4861],[-2.5794,5.4863],[-2.5788,5.5137],[-2.5986,5.5123],[-2.6044,5.5265],[-2.596,5.5254],[-2.5912,5.5464],[-2.5722,5.5419],[-2.5769,5.5624],[-2.569,5.5591],[-2.5667,5.5811],[-2.5589,5.5817],[-2.5716,5.5909],[-2.569,5.6086],[-2.5821,5.6232],[-2.5733,5.6277],[-2.5734,5.648],[-2.5531,5.6467],[-2.5585,5.6605],[-2.5764,5.6577],[-2.5803,5.6649],[-2.5635,5.6767],[-2.5745,5.6783],[-2.572,5.6904],[-2.551,5.6897],[-2.5813,5.7408],[-2.6074,5.7369],[-2.5712,5.7694],[-2.582,5.8078],[-2.5684,5.8109],[-2.5565,5.7942],[-2.5251,5.7952],[-2.5296,5.7857],[-2.5088,5.7773],[-2.4978,5.785],[-2.5015,5.81],[-2.4827,5.802],[-2.486,5.8257],[-2.5177,5.8248],[-2.5121,5.8347],[-2.5206,5.8354],[-2.513,5.8652],[-2.4871,5.8699],[-2.4981,5.896],[-2.5103,5.8991],[-2.5098,5.9145],[-2.4972,5.9172],[-2.5057,5.9232],[-2.5076,5.95],[-2.5165,5.9544],[-2.5151,5.9669],[-2.5347,5.9653],[-2.5385,5.9785],[-2.5584,5.9787],[-2.4893,6.0646],[-2.506,6.0725],[-2.5068,6.083],[-2.4709,6.1096],[-2.4517,6.0997],[-2.4386,6.1199],[-2.412,6.0879],[-2.3769,6.0826],[-2.3728,6.0717],[-2.3797,6.044],[-2.4148,6.0245],[-2.4153,6.0094],[-2.4313,5.9901],[-2.3075,5.872],[-2.3183,5.8609],[-2.3161,5.7943],[-2.3808,5.7571],[-2.3886,5.724],[-2.3773,5.6671],[-2.4253,5.6416],[-2.4568,5.5158],[-2.3679,5.4617],[-2.3853,5.455],[-2.3896,5.4377],[-2.3682,5.3779],[-2.4401,5.3793],[-2.4794,5.4007],[-2.49,5.3997],[-2.4948,5.3758],[-2.5043,5.3723],[-2.5852,5.3778],[-2.5994,5.4152],[-2.6178,5.4125],[-2.6041,5.4655]]]}},{"type":"Feature","id":51,"properties":{"id":51,"name":"Ketu South"},"geometry":{"type":"Polygon","coordinates":[[[0.9935,6.0589],[1.02,6.0691],[1.0135,6.0802],[0.9769,6.0903],[0.9875,6.1094],[1.0029,6.109],[0.9952,6.1201],[1.0174,6.122],[1.0365,6.1405],[1.0217,6.1714],[1.0315,6.1818],[1.0857,6.1686],[1.2002,6.1676],[1.1995,6.1127],[1.0818,6.0465],[1.0314,5.9827],[1.0186,5.9792],[1.0103,5.9925],[1.0075,6.0206],[0.992,6.0312],[0.9988,6.0466],[0.9935,6.0589]]]}},{"type":"Feature","id":52,"properties":{"id":52,"name":"Wassa Amenfi Central"},"geometry":{"type":"Polygon","coordinates":[[[-2.3896,5.4377],[-2.3853,5.455],[-2.3679,5.4617],[-2.4568,5.5158],[-2.4253,5.6416],[-2.3773,5.6671],[-2.3886,5.724],[-2.3808,5.7571],[-2.3161,5.7943],[-2.3183,5.8609],[-2.3075,5.872],[-2.4313,5.9901],[-2.4153,6.0094],[-2.4148,6.0245],[-2.3797,6.044],[-2.3704,6.0976],[-2.354,6.1055],[-2.3188,6.0963],[-2.2835,6.1022],[-2.2712,6.1223],[-2.2569,6.1199],[-2.2557,6.136],[-2.2283,6.15],[-2.2146,6.1418],[-2.2146,6.1179],[-2.1975,6.0902],[-2.1906,6.0091],[-2.1579,5.9599],[-2.1658,5.936],[-2.1601,5.9054],[-2.1694,5.8841],[-2.1596,5.8641],[-2.1673,5.8341],[-2.1486,5.8083],[-2.1713,5.7936],[-2.1551,5.7598],[-2.135,5.7499],[-2.1348,5.7311],[-2.1494,5.7068],[-2.1424,5.6766],[-2.1645,5.6573],[-2.1591,5.6148],[-2.1725,5.6037],[-2.1659,5.5726],[-2.1746,5.5688],[-2.1586,5.5582],[-2.1687,5.5478],[-2.2048,5.5705],[-2.2301,5.564],[-2.2462,5.5474],[-2.2459,5.5211],[-2.2552,5.5221],[-2.2506,5.4981],[-2.2618,5.478],[-2.2539,5.4596],[-2.2656,5.4187],[-2.2601,5.4],[-2.2318,5.3821],[-2.2405,5.3719],[-2.2111,5.3536],[-2.2079,5.3272],[-2.2498,5.3295],[-2.2762,5.3567],[-2.2765,5.348],[-2.2891,5.3518],[-2.2894,5.3435],[-2.2973,5.348],[-2.3053,5.3395],[-2.3337,5.3478],[-2.3682,5.3779],[-2.3896,5.4377]]]}},{"type":"Feature","id":53,"properties":{"id":53,"name":"Keta Municipal"},"geometry":{"type":"Polygon","coordinates":[[[0.9988,6.0466],[0.992,6.0312],[1.0075,6.0206],[1.0103,5.9925],[1.0186,5.9792],[1.0314,5.9827],[0.9956,5.9265],[0.9884,5.8575],[0.9599,5.8148],[0.9207,5.8069],[0.879,5.8219],[0.8825,5.8681],[0.8523,5.8842],[0.8187,5.8738],[0.8106,5.8831],[0.7724,5.8772],[0.7838,5.884],[0.7884,5.908],[0.7777,5.9256],[0.7612,5.9274],[0.7664,5.9549],[0.7852,5.9666],[0.8037,5.9585],[0.8226,6.0034],[0.8607,6.0052],[0.8593,6.0353],[0.8401,6.0374],[0.8631,6.0697],[0.9988,6.0466]]]}},{"type":"Feature","id":54,"properties":{"id":54,"name":"Kadjebi"},"geometry":{"type":"MultiPolygon","coordinates":[[[[0.6204,7.9008],[0.6222,7.9015],[0.624,7.9012],[0.6204,7.9008]]],[[[0.6274,7.8682],[0.6171,7.7962],[0.6295,7.7945],[0.631,7.7686],[0.6114,7.7528],[0.6301,7.7062],[0.6088,7.7109],[0.5907,7.703],[0.586,7.6239],[0.5184,7.5923],[0.529,7.5842],[0.5214,7.5201],[0.4854,7.515],[0.4198,7.5305],[0.4218,7.6884],[0.4447,7.6913],[0.4485,7.7284],[0.4426,7.7617],[0.4533,7.7931],[0.442,7.8275],[0.4503,7.8376],[0.4623,7.8257],[0.4841,7.8305],[0.4771,7.836],[0.4856,7.8563],[0.5079,7.8746],[0.5069,7.8907],[0.4929,7.8918],[0.4918,7.9001],[0.5088,7.9153],[0.5336,7.9085],[0.5629,7.9204],[0.5864,7.9019],[0.6198,7.9005],[0.6274,7.8682]]]]}},{"type":"Feature","id":55,"properties":{"id":55,"name":"Mfantseman Municipal"},"geometry":{"type":"Polygon","coordinates":[[[-1.0226,5.253],[-1.0065,5.235],[-1.0204,5.2185],[-1.0154,5.2013],[-1.091,5.1942],[-1.1984,5.1329],[-1.2336,5.1705],[-1.2047,5.1941],[-1.2104,5.2236],[-1.1854,5.2581],[-1.1348,5.2576],[-1.111,5.2415],[-1.0858,5.2434],[-1.0836,5.2716],[-1.057,5.273],[-1.0541,5.2868],[-1.0875,5.297],[-1.1211,5.3273],[-1.1284,5.346],[-1.1158,5.3749],[-1.137,5.3804],[-1.118,5.4208],[-1.0921,5.4044],[-1.0808,5.3728],[-1.0634,5.3683],[-1.062,5.3332],[-1.0039,5.2874],[-1.0226,5.253]]]}},{"type":"Feature","id":56,"properties":{"id":56,"name":"South Tongu"},"geometry":{"type":"Polygon","coordinates":[[[0.6777,5.7952],[0.6519,5.8052],[0.6546,5.8272],[0.6429,5.841],[0.6203,5.8343],[0.6197,5.854],[0.6315,5.8668],[0.615,5.8646],[0.6191,5.8758],[0.5746,5.8999],[0.5888,5.919],[0.5761,5.9328],[0.559,5.9393],[0.551,5.9203],[0.5417,5.9497],[0.524,5.9549],[0.5254,5.9788],[0.499,5.991],[0.496,6.0084],[0.549,6.0068],[0.5519,6.0807],[0.587,6.0788],[0.595,6.0993],[0.6092,6.1071],[0.6306,6.0939],[0.6604,6.1128],[0.6721,6.1057],[0.7088,6.1562],[0.7253,6.1434],[0.7174,6.1195],[0.7472,6.0933],[0.7552,6.0715],[0.7298,6.0242],[0.7108,6.0148],[0.7048,5.9926],[0.7407,5.9689],[0.7546,5.969],[0.7664,5.9549],[0.7612,5.9274],[0.7777,5.9256],[0.7884,5.908],[0.7838,5.884],[0.7724,5.8772],[0.7594,5.8711],[0.7463,5.88],[0.7187,5.8694],[0.7105,5.7951],[0.7205,5.7846],[0.7102,5.7748],[0.688,5.7778],[0.6777,5.7952]]]}},{"type":"Feature","id":57,"properties":{"id":57,"name":"Ekumfi"},"geometry":{"type":"Polygon","coordinates":[[[-1.0204,5.2185],[-1.0065,5.235],[-1.0226,5.253],[-1.0125,5.2793],[-0.9888,5.2994],[-0.9533,5.2958],[-0.9315,5.3056],[-0.9341,5.3173],[-0.9139,5.3327],[-0.9224,5.3763],[-0.8898,5.3627],[-0.8864,5.3297],[-0.8221,5.298],[-0.7958,5.243],[-0.7981,5.2231],[-0.8208,5.2122],[-1.0154,5.2013],[-1.0204,5.2185]]]}},{"type":"Feature","id":58,"properties":{"id":58,"name":"Twifo Hemang Lower Denkyira"},"geometry":{"type":"Polygon","coordinates":[[[-1.4441,5.2678],[-1.4355,5.2675],[-1.4277,5.289],[-1.3998,5.298],[-1.4041,5.3059],[-1.4566,5.348],[-1.4621,5.3819],[-1.4748,5.3777],[-1.4893,5.3992],[-1.5139,5.3927],[-1.563,5.4153],[-1.5965,5.4107],[-1.6091,5.4234],[-1.6288,5.422],[-1.6225,5.4401],[-1.6017,5.4506],[-1.6127,5.4658],[-1.6154,5.5157],[-1.5881,5.5158],[-1.5888,5.5039],[-1.5479,5.5165],[-1.5106,5.5086],[-1.4864,5.5144],[-1.48,5.5298],[-1.4602,5.5411],[-1.4394,5.5412],[-1.4116,5.5253],[-1.4056,5.5021],[-1.4264,5.4895],[-1.4324,5.4951],[-1.4331,5.4775],[-1.4253,5.4613],[-1.3907,5.4496],[-1.3836,5.4323],[-1.3934,5.4149],[-1.3514,5.3957],[-1.3304,5.3555],[-1.2951,5.3549],[-1.3018,5.3238],[-1.2856,5.2819],[-1.2952,5.2735],[-1.2966,5.2517],[-1.3323,5.2484],[-1.3576,5.233],[-1.3619,5.2157],[-1.3792,5.2249],[-1.404,5.2242],[-1.4158,5.2141],[-1.4286,5.2269],[-1.4474,5.2223],[-1.4441,5.2678]]]}},{"type":"Feature","id":59,"properties":{"id":59,"name":"Jasikan"},"geometry":{"type":"Polygon","coordinates":[[[0.4854,7.515],[0.5214,7.5201],[0.5299,7.4811],[0.5189,7.4608],[0.5321,7.4572],[0.5359,7.4263],[0.5531,7.4052],[0.5731,7.3947],[0.6196,7.4133],[0.6447,7.3979],[0.6589,7.3166],[0.6442,7.263],[0.6063,7.2665],[0.5741,7.2878],[0.5717,7.2676],[0.5629,7.2682],[0.5427,7.2251],[0.5193,7.2205],[0.5171,7.2397],[0.5336,7.2473],[0.5417,7.2714],[0.5405,7.2955],[0.5342,7.3051],[0.4794,7.2923],[0.4664,7.3282],[0.4709,7.4061],[0.4429,7.3766],[0.4444,7.3617],[0.4088,7.3563],[0.3833,7.3699],[0.3546,7.3584],[0.329,7.363],[0.3265,7.3776],[0.347,7.396],[0.3457,7.4223],[0.3713,7.4332],[0.392,7.4754],[0.3901,7.5091],[0.4198,7.5305],[0.4854,7.515]]]}},{"type":"Feature","id":60,"properties":{"id":60,"name":"Twifo Atti-morkwa"},"geometry":{"type":"Polygon","coordinates":[[[-1.6081,5.5319],[-1.594,5.5299],[-1.5919,5.5633],[-1.6076,5.5635],[-1.6214,5.5993],[-1.6424,5.6167],[-1.6764,5.6081],[-1.6857,5.6423],[-1.7377,5.6236],[-1.7506,5.6269],[-1.8322,5.5924],[-1.818,5.6747],[-1.7691,5.6857],[-1.7602,5.6992],[-1.7709,5.7216],[-1.71,5.8038],[-1.7102,5.8157],[-1.6805,5.8223],[-1.6421,5.8141],[-1.651,5.8489],[-1.6148,5.857],[-1.5837,5.8235],[-1.5737,5.7584],[-1.5276,5.7764],[-1.4819,5.7714],[-1.4401,5.715],[-1.4268,5.7166],[-1.4231,5.6941],[-1.4356,5.6414],[-1.4225,5.6188],[-1.4446,5.5845],[-1.4347,5.5487],[-1.4776,5.532],[-1.4864,5.5144],[-1.5327,5.5083],[-1.5479,5.5165],[-1.5888,5.5039],[-1.5881,5.5158],[-1.6154,5.5157],[-1.6081,5.5319]]]}},{"type":"Feature","id":61,"properties":{"id":61,"name":"Krachi East Municipal"},"geometry":{"type":"Polygon","coordinates":[[[0.5069,7.8907],[0.5079,7.8746],[0.4856,7.8563],[0.4771,7.836],[0.4841,7.8305],[0.4623,7.8257],[0.4503,7.8376],[0.442,7.8275],[0.4533,7.7931],[0.4426,7.7617],[0.4447,7.6913],[0.4021,7.6948],[0.3777,7.6852],[0.3778,7.6916],[0.3523,7.6674],[0.345,7.6296],[0.3287,7.6065],[0.3367,7.5968],[0.32,7.5892],[0.3303,7.5737],[0.3222,7.5666],[0.3271,7.5466],[0.315,7.5356],[0.3039,7.5398],[0.312,7.5257],[0.3065,7.5045],[0.3004,7.5061],[0.3029,7.4877],[0.2576,7.4656],[0.2436,7.4671],[0.1826,7.4322],[0.1703,7.4157],[0.1346,7.4159],[0.1241,7.4064],[0.091,7.4293],[0.0771,7.4821],[-0.0143,7.6261],[-0.0152,7.684],[0.0145,7.6913],[0.0373,7.7122],[0.0444,7.7402],[0.0778,7.7943],[0.0766,7.8329],[0.0599,7.8333],[0.0734,7.9047],[0.0657,7.9504],[0.1037,7.9737],[0.1186,8.0149],[0.0743,8.0533],[0.0763,8.0643],[0.0897,8.0744],[0.1404,8.07],[0.1939,8.0934],[0.197,8.1092],[0.1573,8.1339],[0.1477,8.1554],[0.1519,8.1673],[0.1785,8.1857],[0.1783,8.1942],[0.1939,8.1907],[0.2458,8.2066],[0.2665,8.1955],[0.2716,8.2043],[0.2755,8.1875],[0.3081,8.1807],[0.3173,8.1664],[0.303,8.1289],[0.2849,8.1156],[0.2415,8.1067],[0.2639,8.0938],[0.2569,8.087],[0.2683,8.0714],[0.3049,8.0663],[0.3112,8.0417],[0.4069,7.9755],[0.4046,7.966],[0.4332,7.9651],[0.4371,7.9563],[0.4509,7.9646],[0.4699,7.9551],[0.4755,7.9467],[0.4682,7.9334],[0.4929,7.8918],[0.5069,7.8907]]]}},{"type":"Feature","id":62,"properties":{"id":62,"name":"Awutu Senya"},"geometry":{"type":"Polygon","coordinates":[[[-0.5185,5.6864],[-0.4997,5.6682],[-0.4971,5.6466],[-0.4577,5.6367],[-0.4254,5.6117],[-0.426,5.6043],[-0.4504,5.6085],[-0.4748,5.5989],[-0.4796,5.6053],[-0.5014,5.5915],[-0.4719,5.5734],[-0.4881,5.5443],[-0.5016,5.5537],[-0.51,5.5436],[-0.4949,5.5241],[-0.5033,5.4999],[-0.546,5.5208],[-0.5674,5.5835],[-0.5575,5.6073],[-0.5795,5.63],[-0.573,5.6487],[-0.6051,5.6553],[-0.609,5.6609],[-0.5891,5.6808],[-0.624,5.7145],[-0.623,5.7229],[-0.5682,5.7403],[-0.5103,5.7362],[-0.5185,5.6864]]]}},{"type":"Feature","id":63,"properties":{"id":63,"name":"Nkwanta South Municipal"},"geometry":{"type":"Polygon","coordinates":[[[0.5864,7.9019],[0.5629,7.9204],[0.5336,7.9085],[0.5088,7.9153],[0.4918,7.9001],[0.4682,7.9334],[0.4755,7.9467],[0.4699,7.9551],[0.4509,7.9646],[0.4371,7.9563],[0.4332,7.9651],[0.4046,7.966],[0.4069,7.9755],[0.3112,8.0417],[0.3049,8.0663],[0.2683,8.0714],[0.2569,8.087],[0.2639,8.0938],[0.2415,8.1067],[0.2849,8.1156],[0.303,8.1289],[0.3173,8.1664],[0.3081,8.1807],[0.2755,8.1875],[0.2716,8.2043],[0.2665,8.1955],[0.2458,8.2066],[0.1939,8.1907],[0.1446,8.1977],[0.1232,8.2324],[0.1939,8.2533],[0.1903,8.3334],[0.2275,8.3422],[0.2407,8.3338],[0.2884,8.334],[0.2911,8.3492],[0.2774,8.3588],[0.2906,8.3656],[0.2845,8.373],[0.2907,8.3897],[0.2774,8.3938],[0.2862,8.4156],[0.3007,8.4179],[0.281,8.43],[0.2885,8.4501],[0.2975,8.4487],[0.2945,8.4576],[0.3062,8.4609],[0.3015,8.4806],[0.3248,8.4895],[0.3159,8.5066],[0.3629,8.5259],[0.358,8.5351],[0.3665,8.5361],[0.3707,8.5507],[0.4022,8.5606],[0.4223,8.5829],[0.4477,8.5871],[0.4576,8.5988],[0.4918,8.5975],[0.4996,8.5742],[0.514,8.5652],[0.5296,8.57],[0.5601,8.5499],[0.5717,8.526],[0.5843,8.5286],[0.591,8.5167],[0.6212,8.5121],[0.6299,8.4965],[0.6453,8.4938],[0.6558,8.4554],[0.6518,8.422],[0.6961,8.4043],[0.6933,8.3949],[0.7055,8.3945],[0.6989,8.3888],[0.7121,8.3767],[0.7101,8.3519],[0.7294,8.3411],[0.7264,8.2815],[0.6829,8.2796],[0.6735,8.259],[0.6389,8.2606],[0.6191,8.2151],[0.59,8.2077],[0.5898,8.195],[0.6139,8.1801],[0.6069,8.1388],[0.5921,8.139],[0.585,8.0933],[0.5988,8.0583],[0.5986,8.027],[0.6221,8.0145],[0.6126,8.0057],[0.6212,7.9367],[0.6323,7.9146],[0.6261,7.9014],[0.5864,7.9019]]]}},{"type":"Feature","id":64,"properties":{"id":64,"name":"Awutu Senya East"},"geometry":{"type":"MultiPolygon","coordinates":[[[[-0.499,5.3778],[-0.5573,5.367],[-0.5489,5.3931],[-0.5588,5.4177],[-0.5327,5.4207],[-0.5155,5.4427],[-0.4832,5.4335],[-0.4738,5.4066],[-0.499,5.3778]]],[[[-0.4719,5.5734],[-0.5014,5.5915],[-0.4796,5.6053],[-0.4748,5.5989],[-0.4504,5.6085],[-0.426,5.6043],[-0.3999,5.5657],[-0.4206,5.5297],[-0.4538,5.5274],[-0.4547,5.547],[-0.4772,5.559],[-0.4719,5.5734]]]]}},{"type":"Feature","id":65,"properties":{"id":65,"name":"Afigya Kwabre South"},"geometry":{"type":"Polygon","coordinates":[[[-1.5748,6.928],[-1.5511,6.9173],[-1.5458,6.8614],[-1.524,6.8461],[-1.5471,6.8138],[-1.6146,6.7753],[-1.6012,6.7538],[-1.608,6.7505],[-1.6206,6.752],[-1.629,6.7663],[-1.6516,6.754],[-1.6765,6.7669],[-1.6753,6.7845],[-1.6623,6.7802],[-1.6698,6.81],[-1.6884,6.8121],[-1.6747,6.8313],[-1.6935,6.8478],[-1.685,6.8555],[-1.7008,6.861],[-1.6614,6.8829],[-1.6435,6.9137],[-1.5748,6.928]]]}},{"type":"Feature","id":66,"properties":{"id":66,"name":"La-nkwantanang-madina"},"geometry":{"type":"Polygon","coordinates":[[[-0.1713,5.6863],[-0.1516,5.6859],[-0.1517,5.6597],[-0.1786,5.6596],[-0.1774,5.6671],[-0.1879,5.6671],[-0.1945,5.6868],[-0.1885,5.6966],[-0.2,5.7165],[-0.1772,5.7829],[-0.1858,5.7913],[-0.1723,5.814],[-0.1397,5.8102],[-0.1309,5.823],[-0.1226,5.8118],[-0.171,5.7079],[-0.1713,5.6863]]]}},{"type":"Feature","id":67,"properties":{"id":67,"name":"Atwima Kwanwoma"},"geometry":{"type":"Polygon","coordinates":[[[-1.5913,6.5922],[-1.6046,6.5943],[-1.6128,6.5816],[-1.5961,6.5282],[-1.6433,6.535],[-1.673,6.5712],[-1.683,6.5521],[-1.7093,6.5621],[-1.7221,6.5421],[-1.7399,6.5425],[-1.7439,6.5272],[-1.7699,6.5322],[-1.7866,6.5118],[-1.8035,6.5345],[-1.7901,6.5524],[-1.7927,6.5682],[-1.8137,6.5889],[-1.8189,6.6093],[-1.7926,6.6254],[-1.7891,6.6386],[-1.7798,6.6296],[-1.7737,6.6381],[-1.7495,6.6359],[-1.7252,6.6631],[-1.708,6.6677],[-1.698,6.667],[-1.692,6.6535],[-1.6695,6.6683],[-1.6357,6.6186],[-1.5986,6.6137],[-1.5913,6.5922]]]}},{"type":"Feature","id":68,"properties":{"id":68,"name":"Sekyere South"},"geometry":{"type":"Polygon","coordinates":[[[-1.5511,6.9173],[-1.5768,6.9263],[-1.5821,6.9388],[-1.6047,6.9361],[-1.5827,6.961],[-1.5647,6.9619],[-1.5563,6.9821],[-1.5575,6.997],[-1.5803,7.0046],[-1.5859,7.0212],[-1.6002,7.0263],[-1.5926,7.077],[-1.6224,7.131],[-1.6106,7.1497],[-1.5883,7.1456],[-1.5875,7.1299],[-1.5338,7.1365],[-1.529,7.1236],[-1.4959,7.1083],[-1.4851,7.0888],[-1.5024,7.0542],[-1.4788,7.0483],[-1.4713,7.0215],[-1.4493,7.024],[-1.4455,7.0167],[-1.444,6.9981],[-1.456,6.9901],[-1.4604,6.9644],[-1.4142,6.9411],[-1.4041,6.919],[-1.4275,6.8793],[-1.4626,6.8709],[-1.4661,6.8476],[-1.5066,6.8392],[-1.5458,6.8614],[-1.5511,6.9173]]]}},{"type":"Feature","id":69,"properties":{"id":69,"name":"Ga East"},"geometry":{"type":"Polygon","coordinates":[[[-0.1772,5.7829],[-0.2,5.7165],[-0.1885,5.6966],[-0.1945,5.6868],[-0.1879,5.6671],[-0.2055,5.6617],[-0.2052,5.6458],[-0.2204,5.6413],[-0.2297,5.6202],[-0.2715,5.6656],[-0.2598,5.6724],[-0.2584,5.7102],[-0.2487,5.6952],[-0.2298,5.7532],[-0.2251,5.7401],[-0.2019,5.7631],[-0.2025,5.7819],[-0.1858,5.7913],[-0.1772,5.7829]]]}},{"type":"Feature","id":70,"properties":{"id":70,"name":"Ayawaso West"},"geometry":{"type":"Polygon","coordinates":[[[-0.1333,5.6062],[-0.1573,5.6181],[-0.1575,5.6291],[-0.1764,5.623],[-0.1795,5.5973],[-0.2015,5.6126],[-0.2213,5.6095],[-0.1886,5.6253],[-0.1933,5.6672],[-0.1553,5.6597],[-0.1333,5.6062]]]}},{"type":"Feature","id":71,"properties":{"id":71,"name":"Sekyere East"},"geometry":{"type":"Polygon","coordinates":[[[-1.4131,6.8988],[-1.3905,6.8873],[-1.3875,6.8705],[-1.3588,6.8705],[-1.3464,6.86],[-1.3334,6.8648],[-1.2842,6.8239],[-1.271,6.8312],[-1.2603,6.8238],[-1.2527,6.7594],[-1.2367,6.7398],[-1.245,6.6887],[-1.2595,6.6796],[-1.2614,6.6643],[-1.2676,6.6609],[-1.3145,6.6989],[-1.3203,6.7134],[-1.3533,6.7272],[-1.3524,6.7553],[-1.3369,6.7569],[-1.3495,6.7941],[-1.373,6.827],[-1.3865,6.826],[-1.4009,6.8451],[-1.4287,6.8316],[-1.4491,6.8458],[-1.4401,6.8722],[-1.4131,6.8988]]]}},{"type":"Feature","id":72,"properties":{"id":72,"name":"Ga South Municipal"},"geometry":{"type":"Polygon","coordinates":[[[-0.428,5.6184],[-0.4465,5.6309],[-0.4971,5.6466],[-0.4997,5.6682],[-0.5185,5.6864],[-0.52,5.7053],[-0.5083,5.7136],[-0.5113,5.7342],[-0.4954,5.7473],[-0.4334,5.7398],[-0.4056,5.7061],[-0.4009,5.6869],[-0.3741,5.684],[-0.3678,5.6695],[-0.3481,5.6628],[-0.3607,5.6343],[-0.3571,5.6085],[-0.3975,5.6127],[-0.426,5.6043],[-0.428,5.6184]]]}},{"type":"Feature","id":73,"properties":{"id":73,"name":"Ga West Municipal"},"geometry":{"type":"Polygon","coordinates":[[[-0.3607,5.6343],[-0.3498,5.6651],[-0.3678,5.6695],[-0.3741,5.684],[-0.4009,5.6869],[-0.4056,5.7061],[-0.4334,5.7398],[-0.4926,5.7484],[-0.4439,5.7774],[-0.4479,5.7899],[-0.4374,5.8009],[-0.3921,5.7582],[-0.3848,5.7764],[-0.3669,5.7624],[-0.3466,5.7741],[-0.3405,5.7688],[-0.2928,5.6695],[-0.2641,5.6454],[-0.2479,5.616],[-0.2639,5.6091],[-0.2689,5.6391],[-0.289,5.6338],[-0.3195,5.6557],[-0.357,5.6091],[-0.3607,5.6343]]]}},{"type":"Feature","id":74,"properties":{"id":74,"name":"Sekyere Central"},"geometry":{"type":"Polygon","coordinates":[[[-1.2202,7.0038],[-1.2547,6.9664],[-1.299,6.9853],[-1.3339,6.9731],[-1.3508,6.9766],[-1.3624,6.9554],[-1.3782,6.9553],[-1.3895,6.9439],[-1.4217,6.9697],[-1.4263,6.9933],[-1.4201,6.9999],[-1.4109,6.9886],[-1.4027,6.9957],[-1.4015,7.0325],[-1.3759,7.0573],[-1.3864,7.0696],[-1.3844,7.0959],[-1.3519,7.1077],[-1.2931,7.1528],[-1.2551,7.2042],[-1.2501,7.2219],[-1.2835,7.2253],[-1.2972,7.2636],[-1.2982,7.2875],[-1.278,7.2881],[-1.2844,7.302],[-1.2727,7.333],[-1.2377,7.3614],[-1.1827,7.3648],[-1.145,7.47],[-1.126,7.477],[-1.1048,7.4648],[-1.0701,7.491],[-1.0646,7.4588],[-1.0724,7.4271],[-1.064,7.4156],[-1.0046,7.4024],[-0.9784,7.4036],[-0.9628,7.4148],[-0.9146,7.4047],[-0.9081,7.2966],[-0.9435,7.2469],[-0.9457,7.1938],[-0.9624,7.1771],[-0.9635,7.1613],[-0.9416,7.132],[-0.9896,7.1403],[-1.0553,7.1324],[-1.0902,7.1216],[-1.1063,7.0867],[-1.1388,7.0936],[-1.1715,7.0864],[-1.1816,7.0707],[-1.1559,7.0523],[-1.1899,7.0317],[-1.1906,7.0088],[-1.2202,7.0038]]]}},{"type":"Feature","id":75,"properties":{"id":75,"name":"Ga Central Municipal"},"geometry":{"type":"Polygon","coordinates":[[[-0.289,5.6338],[-0.2785,5.64],[-0.2647,5.6335],[-0.2639,5.6091],[-0.2818,5.5795],[-0.3109,5.603],[-0.3434,5.6017],[-0.3512,5.5831],[-0.3628,5.5974],[-0.3195,5.6557],[-0.289,5.6338]]]}},{"type":"Feature","id":76,"properties":{"id":76,"name":"Offinso North"},"geometry":{"type":"Polygon","coordinates":[[[-1.9325,7.1301],[-1.9329,7.1766],[-1.8689,7.2032],[-1.8272,7.2585],[-1.8597,7.2781],[-1.9122,7.2535],[-1.9272,7.2648],[-1.9499,7.2615],[-1.9621,7.2934],[-1.9884,7.2981],[-2.0014,7.3169],[-2.047,7.3056],[-2.0763,7.3232],[-2.1396,7.4028],[-2.1097,7.4636],[-2.038,7.457],[-2.0185,7.4215],[-1.9645,7.4081],[-1.9271,7.4426],[-1.8979,7.4304],[-1.8715,7.4595],[-1.867,7.4783],[-1.8564,7.4612],[-1.836,7.471],[-1.8399,7.4251],[-1.8072,7.3485],[-1.7793,7.3509],[-1.7615,7.322],[-1.7285,7.3118],[-1.711,7.3243],[-1.6787,7.3248],[-1.6542,7.3135],[-1.6356,7.3208],[-1.642,7.2627],[-1.6619,7.2445],[-1.7607,7.2443],[-1.7886,7.2169],[-1.7473,7.1821],[-1.7615,7.1499],[-1.8098,7.1369],[-1.858,7.1048],[-1.8921,7.1017],[-1.9026,7.0849],[-1.9536,7.0852],[-1.9325,7.1301]]]}},{"type":"Feature","id":77,"properties":{"id":77,"name":"Krachi West"},"geometry":{"type":"Polygon","coordinates":[[[0.0743,8.0533],[0.1186,8.0149],[0.1037,7.9737],[0.0657,7.9504],[0.0734,7.9047],[0.0599,7.8333],[0.0766,7.8329],[0.0778,7.7943],[0.0444,7.7402],[0.0373,7.7122],[0.0145,7.6913],[-0.0152,7.684],[0.0025,7.7176],[0.0041,7.7424],[-0.0145,7.7569],[-0.1001,7.7504],[-0.1264,7.7882],[-0.1454,7.903],[-0.1349,7.9485],[-0.1411,7.9584],[-0.1738,7.9574],[-0.1442,8.0055],[-0.1415,8.0179],[-0.1551,8.0306],[-0.1263,8.0517],[-0.0946,8.0566],[-0.0826,8.0804],[-0.0451,8.1017],[0.031,8.1017],[0.0865,8.072],[0.0743,8.0533]]]}},{"type":"Feature","id":78,"properties":{"id":78,"name":"Offinso Municipal"},"geometry":{"type":"Polygon","coordinates":[[[-1.6614,6.8829],[-1.6883,6.8679],[-1.69,6.8836],[-1.7135,6.8912],[-1.7207,6.9371],[-1.7426,6.9374],[-1.7742,6.9717],[-1.7949,6.9699],[-1.8476,7.0243],[-1.8068,7.0647],[-1.8109,7.0765],[-1.8707,7.1029],[-1.8098,7.1369],[-1.7615,7.1499],[-1.7471,7.168],[-1.7493,7.1846],[-1.7893,7.213],[-1.7607,7.2443],[-1.6719,7.2438],[-1.6565,7.2511],[-1.654,7.2451],[-1.6612,7.1576],[-1.6503,7.1481],[-1.6804,7.112],[-1.668,7.0882],[-1.6535,7.0808],[-1.6543,7.0542],[-1.6669,7.0457],[-1.6582,7.0426],[-1.6383,6.9736],[-1.6435,6.9137],[-1.6614,6.8829]]]}},{"type":"Feature","id":79,"properties":{"id":79,"name":"Obuasi Municipal"},"geometry":{"type":"Polygon","coordinates":[[[-1.6343,6.2025],[-1.6314,6.166],[-1.6612,6.1192],[-1.6746,6.1361],[-1.7257,6.1509],[-1.727,6.1685],[-1.7506,6.1858],[-1.7383,6.2085],[-1.7708,6.2034],[-1.7338,6.2401],[-1.689,6.262],[-1.6747,6.2548],[-1.6732,6.236],[-1.6072,6.2392],[-1.6343,6.2025]]]}},{"type":"Feature","id":80,"properties":{"id":80,"name":"Krachi Nchumuru"},"geometry":{"type":"Polygon","coordinates":[[[0.1477,8.1554],[0.1766,8.1159],[0.197,8.1092],[0.1939,8.0934],[0.1404,8.07],[0.0865,8.072],[0.031,8.1017],[-0.0451,8.1017],[-0.0826,8.0804],[-0.0946,8.0566],[-0.1263,8.0517],[-0.1732,8.0246],[-0.2147,8.0309],[-0.2406,8.0496],[-0.2488,8.077],[-0.2949,8.1173],[-0.3847,8.1528],[-0.3541,8.1662],[-0.3586,8.1857],[-0.3486,8.2017],[-0.3849,8.195],[-0.3908,8.2109],[-0.3875,8.2241],[-0.3695,8.2309],[-0.3193,8.2268],[-0.2807,8.2455],[-0.2594,8.2163],[-0.2243,8.2128],[-0.1986,8.2193],[-0.1885,8.2317],[-0.1772,8.2278],[-0.1655,8.2384],[-0.1696,8.2532],[-0.1457,8.2723],[-0.1242,8.273],[-0.1103,8.3359],[-0.0874,8.3324],[-0.0677,8.3398],[-0.0643,8.3512],[-0.0482,8.3522],[-0.0367,8.3332],[-0.0026,8.3205],[0.0106,8.2976],[0.0806,8.28],[0.1044,8.239],[0.0795,8.2225],[0.1152,8.2291],[0.1167,8.2177],[0.1446,8.1977],[0.1783,8.1942],[0.1477,8.1554]]]}},{"type":"Feature","id":81,"properties":{"id":81,"name":"Kwabre East"},"geometry":{"type":"Polygon","coordinates":[[[-1.5471,6.8138],[-1.525,6.8482],[-1.5066,6.8392],[-1.4641,6.8474],[-1.4526,6.7936],[-1.4765,6.7935],[-1.4935,6.775],[-1.493,6.7544],[-1.5254,6.7567],[-1.5615,6.7257],[-1.5619,6.7406],[-1.6146,6.7753],[-1.5471,6.8138]]]}},{"type":"Feature","id":82,"properties":{"id":82,"name":"Agotime Ziope"},"geometry":{"type":"Polygon","coordinates":[[[0.788,6.3975],[0.7878,6.3543],[0.7638,6.3414],[0.7557,6.3534],[0.7145,6.3421],[0.6977,6.3332],[0.6966,6.3119],[0.6734,6.3351],[0.6851,6.3647],[0.6989,6.3701],[0.6925,6.3966],[0.7046,6.4048],[0.7083,6.4327],[0.6959,6.4406],[0.6636,6.4289],[0.6548,6.439],[0.6524,6.4625],[0.6397,6.4682],[0.6294,6.4969],[0.6313,6.5546],[0.5835,6.5791],[0.6119,6.5982],[0.6315,6.6289],[0.6431,6.6323],[0.6564,6.6086],[0.6669,6.6052],[0.6728,6.6137],[0.6979,6.5884],[0.7424,6.589],[0.7489,6.5631],[0.7174,6.5275],[0.7322,6.4848],[0.7465,6.4839],[0.7485,6.4152],[0.788,6.3975]]]}},{"type":"Feature","id":83,"properties":{"id":83,"name":"Adaklu"},"geometry":{"type":"Polygon","coordinates":[[[0.6294,6.4969],[0.6397,6.4682],[0.6524,6.4625],[0.6548,6.439],[0.6636,6.4289],[0.6959,6.4406],[0.7083,6.4327],[0.7046,6.4048],[0.6925,6.3966],[0.6989,6.3701],[0.6851,6.3647],[0.6704,6.3287],[0.6759,6.3201],[0.6158,6.2909],[0.6135,6.305],[0.5897,6.2822],[0.5726,6.2899],[0.5761,6.3032],[0.5475,6.2984],[0.5433,6.2816],[0.491,6.3049],[0.4308,6.2863],[0.4455,6.3229],[0.4164,6.3664],[0.4177,6.4338],[0.4073,6.452],[0.4098,6.4703],[0.4405,6.5052],[0.4334,6.5202],[0.443,6.543],[0.4638,6.5793],[0.4825,6.5545],[0.4924,6.5786],[0.489,6.5994],[0.52,6.5974],[0.5242,6.572],[0.5531,6.5916],[0.6313,6.5546],[0.6294,6.4969]]]}},{"type":"Feature","id":84,"properties":{"id":84,"name":"Ejura-sekyedumase"},"geometry":{"type":"Polygon","coordinates":[[[-1.3861,7.6051],[-1.3079,7.6219],[-1.3172,7.6106],[-1.3136,7.5806],[-1.2995,7.5712],[-1.2904,7.5351],[-1.2664,7.5215],[-1.2499,7.4962],[-1.2394,7.4893],[-1.2029,7.4954],[-1.145,7.47],[-1.1792,7.3678],[-1.2377,7.3614],[-1.2667,7.3405],[-1.2844,7.302],[-1.278,7.2881],[-1.2982,7.2875],[-1.2883,7.2317],[-1.3784,7.3089],[-1.4938,7.2599],[-1.5032,7.2536],[-1.4989,7.2329],[-1.5295,7.2347],[-1.5562,7.2157],[-1.5883,7.1456],[-1.6106,7.1497],[-1.6074,7.1654],[-1.6586,7.1617],[-1.6516,7.2198],[-1.6598,7.2322],[-1.657,7.2546],[-1.642,7.2627],[-1.6374,7.284],[-1.641,7.3361],[-1.6251,7.3391],[-1.5766,7.4028],[-1.5155,7.3909],[-1.5096,7.4291],[-1.5202,7.45],[-1.4724,7.4966],[-1.4248,7.5818],[-1.3861,7.6051]]]}},{"type":"Feature","id":85,"properties":{"id":85,"name":"Atwima Nwabiagya South"},"geometry":{"type":"Polygon","coordinates":[[[-1.7252,6.6631],[-1.7495,6.6359],[-1.7737,6.6381],[-1.7798,6.6296],[-1.7891,6.6386],[-1.7926,6.6254],[-1.8185,6.6117],[-1.8044,6.5686],[-1.8534,6.5834],[-1.8626,6.5976],[-1.8304,6.6581],[-1.8419,6.6639],[-1.8468,6.6874],[-1.8848,6.7144],[-1.9052,6.7423],[-1.9015,6.7658],[-1.8911,6.7712],[-1.8909,6.783],[-1.8678,6.7888],[-1.861,6.8103],[-1.8388,6.8088],[-1.821,6.79],[-1.8084,6.7981],[-1.751,6.7976],[-1.6968,6.774],[-1.6834,6.7655],[-1.7112,6.7541],[-1.6638,6.7405],[-1.663,6.7171],[-1.6899,6.7211],[-1.6837,6.7197],[-1.6973,6.7062],[-1.708,6.6677],[-1.7252,6.6631]]]}},{"type":"Feature","id":86,"properties":{"id":86,"name":"Akatsi South"},"geometry":{"type":"Polygon","coordinates":[[[0.8741,6.1636],[0.8777,6.1486],[0.8916,6.1411],[0.8623,6.068],[0.8401,6.0374],[0.8593,6.0353],[0.8607,6.0052],[0.8226,6.0034],[0.8037,5.9585],[0.7852,5.9666],[0.7664,5.9549],[0.7546,5.969],[0.7084,5.9891],[0.7108,6.0148],[0.7298,6.0242],[0.7552,6.0715],[0.7472,6.0933],[0.7174,6.1195],[0.7256,6.1315],[0.7186,6.22],[0.7064,6.2279],[0.6985,6.2681],[0.6769,6.2931],[0.6815,6.3083],[0.6966,6.3119],[0.6977,6.3332],[0.7557,6.3534],[0.7638,6.3414],[0.781,6.3494],[0.793,6.2947],[0.7737,6.2028],[0.7753,6.1917],[0.7927,6.195],[0.795,6.1737],[0.8206,6.1843],[0.8215,6.2198],[0.8316,6.2223],[0.8518,6.2222],[0.8853,6.1956],[0.8741,6.1636]]]}},{"type":"Feature","id":87,"properties":{"id":87,"name":"Atwima Mponua"},"geometry":{"type":"Polygon","coordinates":[[[-1.8848,6.7144],[-1.8468,6.6874],[-1.8419,6.6639],[-1.8304,6.6581],[-1.856,6.6183],[-1.8583,6.5724],[-1.8866,6.577],[-1.8825,6.5896],[-1.9063,6.5917],[-1.9602,6.5701],[-1.9746,6.5326],[-1.9854,6.5286],[-1.977,6.5184],[-1.9938,6.5143],[-2.0103,6.5237],[-1.9995,6.5],[-2.0063,6.4646],[-2.0334,6.4427],[-2.0194,6.4371],[-2.0458,6.4276],[-2.0449,6.3887],[-2.097,6.411],[-2.1404,6.4143],[-2.1444,6.3909],[-2.1595,6.391],[-2.1603,6.3722],[-2.2001,6.3545],[-2.2271,6.32],[-2.2169,6.3744],[-2.2399,6.4722],[-2.2629,6.4912],[-2.2936,6.4916],[-2.3041,6.4835],[-2.3374,6.4933],[-2.36,6.4772],[-2.344,6.4337],[-2.3511,6.3951],[-2.3782,6.3493],[-2.3899,6.3465],[-2.3898,6.3343],[-2.3975,6.3516],[-2.4274,6.3483],[-2.4207,6.4046],[-2.4514,6.4311],[-2.4387,6.4392],[-2.4461,6.4431],[-2.4424,6.4576],[-2.4215,6.4732],[-2.4237,6.4924],[-2.414,6.49],[-2.4038,6.5081],[-2.3972,6.503],[-2.3973,6.5213],[-2.3748,6.539],[-2.3856,6.568],[-2.3711,6.5948],[-2.3947,6.612],[-2.3923,6.6243],[-2.4029,6.6349],[-2.3953,6.6482],[-2.4169,6.6591],[-2.3723,6.6716],[-2.3468,6.6993],[-2.3064,6.6871],[-2.2931,6.7042],[-2.284,6.6986],[-2.2644,6.7103],[-2.2505,6.6995],[-2.2376,6.7199],[-2.214,6.7123],[-2.1972,6.7225],[-2.1782,6.7617],[-2.1196,6.7915],[-2.0402,6.7711],[-2.0214,6.7823],[-1.9989,6.7532],[-1.9919,6.7739],[-1.9821,6.7746],[-1.9686,6.7617],[-1.9713,6.7397],[-1.9524,6.7279],[-1.9524,6.7057],[-1.9381,6.7329],[-1.9311,6.731],[-1.935,6.7402],[-1.9098,6.7332],[-1.9069,6.7451],[-1.8848,6.7144]]]}},{"type":"Feature","id":88,"properties":{"id":88,"name":"Akatsi North"},"geometry":{"type":"Polygon","coordinates":[[[0.9593,6.2885],[0.9355,6.2735],[0.9283,6.281],[0.8975,6.2784],[0.9013,6.2237],[0.8853,6.1956],[0.8518,6.2222],[0.8316,6.2223],[0.8215,6.2198],[0.8206,6.1843],[0.795,6.1737],[0.7927,6.195],[0.7753,6.1917],[0.7737,6.2028],[0.793,6.2947],[0.7786,6.351],[0.7878,6.3543],[0.788,6.3975],[0.7485,6.4152],[0.7492,6.4482],[0.782,6.4345],[0.7875,6.4134],[0.8261,6.4041],[0.8619,6.3792],[0.8926,6.3355],[0.964,6.335],[0.9593,6.2885]]]}},{"type":"Feature","id":89,"properties":{"id":89,"name":"Ho Municipal"},"geometry":{"type":"MultiPolygon","coordinates":[[[[0.6403,6.6313],[0.6386,6.6298],[0.6364,6.6299],[0.6403,6.6313]]],[[[0.5836,6.578],[0.5531,6.5916],[0.5242,6.572],[0.52,6.5974],[0.489,6.5994],[0.4924,6.5786],[0.4825,6.5545],[0.4638,6.5793],[0.4334,6.5202],[0.4323,6.5444],[0.3945,6.5691],[0.3399,6.5757],[0.3596,6.5845],[0.3745,6.6317],[0.3957,6.6322],[0.4274,6.665],[0.4293,6.6892],[0.4165,6.7199],[0.4215,6.7563],[0.4506,6.7785],[0.4622,6.7465],[0.4789,6.7593],[0.4805,6.7436],[0.4883,6.7527],[0.4968,6.7436],[0.5203,6.7612],[0.5234,6.7873],[0.5032,6.7872],[0.4971,6.796],[0.5201,6.8256],[0.5394,6.8246],[0.5473,6.8344],[0.5799,6.807],[0.5756,6.7981],[0.5675,6.8028],[0.5662,6.7883],[0.5818,6.7615],[0.6504,6.7376],[0.6364,6.6299],[0.5836,6.578]]]]}},{"type":"Feature","id":90,"properties":{"id":90,"name":"Adansi South"},"geometry":{"type":"Polygon","coordinates":[[[-1.5523,5.9515],[-1.5431,6.0076],[-1.5512,6.0212],[-1.4851,6.069],[-1.4338,6.0582],[-1.4323,6.0452],[-1.4064,6.0471],[-1.4058,6.0557],[-1.4172,6.059],[-1.4197,6.0922],[-1.3968,6.1217],[-1.3524,6.1318],[-1.3655,6.1544],[-1.2931,6.1446],[-1.2614,6.1014],[-1.2449,6.1186],[-1.2266,6.1224],[-1.1901,6.1097],[-1.1876,6.0963],[-1.2033,6.0931],[-1.1983,6.0825],[-1.2145,6.0682],[-1.2083,6.0527],[-1.2312,6.0387],[-1.2274,6.0187],[-1.2421,6.01],[-1.2469,5.9909],[-1.223,5.9772],[-1.2189,5.942],[-1.2426,5.932],[-1.2442,5.9136],[-1.2609,5.9154],[-1.2624,5.8908],[-1.2752,5.9029],[-1.3058,5.8876],[-1.3089,5.9264],[-1.3425,5.9108],[-1.3356,5.9265],[-1.3474,5.9193],[-1.3477,5.9311],[-1.377,5.9345],[-1.3802,5.9163],[-1.4187,5.9214],[-1.4214,5.9034],[-1.4507,5.9063],[-1.4564,5.8936],[-1.4669,5.9042],[-1.4617,5.8622],[-1.4759,5.8551],[-1.4828,5.867],[-1.501,5.8682],[-1.5007,5.877],[-1.5218,5.8751],[-1.5166,5.89],[-1.4979,5.8908],[-1.5054,5.8951],[-1.5005,5.9055],[-1.5164,5.914],[-1.5211,5.9287],[-1.5308,5.9231],[-1.5289,5.9378],[-1.546,5.9391],[-1.5523,5.9515]]]}},{"type":"Feature","id":91,"properties":{"id":91,"name":"Hohoe Municipal"},"geometry":{"type":"Polygon","coordinates":[[[0.5342,7.3051],[0.5405,7.2955],[0.5417,7.2714],[0.5336,7.2473],[0.5171,7.2397],[0.5193,7.2205],[0.5427,7.2251],[0.5629,7.2682],[0.5717,7.2676],[0.5741,7.2878],[0.6063,7.2665],[0.6442,7.263],[0.6313,7.1964],[0.6172,7.1825],[0.6169,7.1616],[0.6056,7.1575],[0.5921,7.1137],[0.6118,7.1059],[0.6147,7.0952],[0.5971,7.06],[0.6027,7.0232],[0.5952,7.0024],[0.5719,7.0116],[0.5719,7.0225],[0.5534,7.0286],[0.5554,7.0394],[0.5445,7.0456],[0.5009,7.0502],[0.5026,7.061],[0.4345,7.0549],[0.4349,7.0696],[0.3982,7.084],[0.3876,7.0639],[0.3697,7.0646],[0.3669,7.0507],[0.3285,7.0892],[0.3386,7.1306],[0.3575,7.1316],[0.3712,7.1542],[0.3916,7.2266],[0.4155,7.2661],[0.4353,7.2846],[0.4484,7.2771],[0.4486,7.2977],[0.4794,7.2923],[0.5342,7.3051]]]}},{"type":"Feature","id":92,"properties":{"id":92,"name":"Adansi Asokwa"},"geometry":{"type":"Polygon","coordinates":[[[-1.1978,6.1996],[-1.2217,6.2125],[-1.2439,6.2076],[-1.2568,6.2204],[-1.2701,6.2028],[-1.2957,6.2008],[-1.2931,6.1446],[-1.3655,6.1544],[-1.3524,6.1318],[-1.3968,6.1217],[-1.4197,6.0922],[-1.4172,6.059],[-1.4058,6.0557],[-1.4064,6.0471],[-1.4323,6.0452],[-1.4338,6.0582],[-1.4851,6.069],[-1.5402,6.0302],[-1.5375,6.0461],[-1.5526,6.0583],[-1.5556,6.0835],[-1.5436,6.1064],[-1.5571,6.1082],[-1.5776,6.1465],[-1.604,6.1187],[-1.6126,6.1207],[-1.5997,6.1523],[-1.563,6.1966],[-1.5672,6.2263],[-1.5407,6.2342],[-1.5223,6.2281],[-1.4899,6.2404],[-1.4625,6.2787],[-1.4753,6.3022],[-1.4669,6.2903],[-1.4258,6.3035],[-1.4193,6.2896],[-1.3996,6.2838],[-1.3855,6.3025],[-1.3767,6.272],[-1.3879,6.2511],[-1.3854,6.2353],[-1.3724,6.2272],[-1.3395,6.2427],[-1.3209,6.2242],[-1.2894,6.2328],[-1.2735,6.2536],[-1.2428,6.2646],[-1.2341,6.2817],[-1.1978,6.1996]]]}},{"type":"Feature","id":93,"properties":{"id":93,"name":"Ho West"},"geometry":{"type":"Polygon","coordinates":[[[0.4098,6.4703],[0.4073,6.452],[0.4177,6.4338],[0.4164,6.3664],[0.4455,6.3229],[0.4232,6.2598],[0.417,6.2593],[0.3902,6.3036],[0.3373,6.3142],[0.3044,6.3336],[0.1727,6.3309],[0.2041,6.3565],[0.2,6.3707],[0.2165,6.3844],[0.2007,6.4396],[0.2081,6.4474],[0.1984,6.4558],[0.2057,6.4757],[0.2207,6.4969],[0.284,6.5413],[0.2876,6.5742],[0.2732,6.59],[0.3118,6.6066],[0.3397,6.6374],[0.3558,6.715],[0.3906,6.78],[0.4113,6.8585],[0.3861,6.9113],[0.401,6.9247],[0.4171,6.8927],[0.4366,6.8894],[0.4554,6.8657],[0.4879,6.8866],[0.5259,6.9416],[0.5477,6.9376],[0.5661,6.9208],[0.5572,6.8869],[0.5345,6.8774],[0.5432,6.8647],[0.5318,6.8567],[0.5328,6.8288],[0.5073,6.8137],[0.5086,6.8033],[0.4967,6.7952],[0.5234,6.7873],[0.5203,6.7612],[0.4968,6.7436],[0.4883,6.7527],[0.4805,6.7436],[0.4789,6.7593],[0.4625,6.7464],[0.4506,6.7785],[0.4215,6.7563],[0.4165,6.7199],[0.4293,6.6892],[0.4274,6.665],[0.3957,6.6322],[0.3745,6.6317],[0.3596,6.5845],[0.3399,6.5757],[0.3945,6.5691],[0.4323,6.5444],[0.4405,6.5052],[0.4098,6.4703]]]}},{"type":"Feature","id":94,"properties":{"id":94,"name":"Bosome Freho"},"geometry":{"type":"MultiPolygon","coordinates":[[[[-1.1861,6.1676],[-1.1796,6.1479],[-1.2022,6.1321],[-1.1932,6.1216],[-1.2449,6.1186],[-1.2614,6.1014],[-1.2931,6.1446],[-1.2957,6.2008],[-1.2701,6.2028],[-1.2568,6.2204],[-1.2439,6.2076],[-1.2217,6.2125],[-1.179,6.1799],[-1.1861,6.1676]]],[[[-1.2968,6.3701],[-1.28,6.357],[-1.2796,6.3361],[-1.2699,6.3363],[-1.2591,6.3054],[-1.2341,6.2817],[-1.2428,6.2646],[-1.2735,6.2536],[-1.2894,6.2328],[-1.3209,6.2242],[-1.3395,6.2427],[-1.3724,6.2272],[-1.3854,6.2353],[-1.3879,6.2511],[-1.3767,6.272],[-1.3855,6.3025],[-1.3996,6.2838],[-1.4193,6.2896],[-1.4258,6.3035],[-1.4683,6.2903],[-1.4811,6.3077],[-1.4424,6.3434],[-1.4377,6.3696],[-1.4263,6.3789],[-1.4471,6.4245],[-1.4226,6.4304],[-1.4512,6.4462],[-1.4588,6.4622],[-1.4843,6.4679],[-1.475,6.5116],[-1.4463,6.4965],[-1.4353,6.4724],[-1.4008,6.4692],[-1.3811,6.4805],[-1.329,6.4601],[-1.3124,6.4402],[-1.3009,6.4391],[-1.3007,6.4108],[-1.2932,6.4074],[-1.2968,6.3701]]]]}},{"type":"Feature","id":95,"properties":{"id":95,"name":"Afadzato South"},"geometry":{"type":"Polygon","coordinates":[[[0.3697,7.0646],[0.3876,7.0639],[0.3982,7.084],[0.4349,7.0696],[0.4345,7.0549],[0.4675,7.0524],[0.4851,7.0628],[0.505,7.0595],[0.5009,7.0502],[0.5346,7.0501],[0.5554,7.0394],[0.5534,7.0286],[0.5719,7.0225],[0.5719,7.0116],[0.5952,7.0024],[0.5485,6.9935],[0.5229,6.9734],[0.5259,6.9416],[0.4741,6.8723],[0.4481,6.8673],[0.4366,6.8894],[0.4171,6.8927],[0.3961,6.9242],[0.3861,6.9113],[0.4113,6.8585],[0.4072,6.8378],[0.3478,6.6857],[0.3297,6.6898],[0.3014,6.672],[0.2667,6.668],[0.2901,6.6998],[0.2943,6.7557],[0.3116,6.7885],[0.3018,6.7966],[0.3113,6.8098],[0.3071,6.8298],[0.341,6.8401],[0.3496,6.8554],[0.3246,6.8627],[0.3303,6.8803],[0.3575,6.9028],[0.3366,6.9025],[0.3552,6.9234],[0.345,6.9426],[0.3648,6.9514],[0.3777,6.9887],[0.4079,6.9946],[0.4134,7.0065],[0.3824,7.0248],[0.3629,7.0513],[0.3697,7.0646]]]}},{"type":"Feature","id":96,"properties":{"id":96,"name":"Ahafo Ano South East"},"geometry":{"type":"Polygon","coordinates":[[[-1.917,7.0817],[-1.9026,7.0849],[-1.8921,7.1017],[-1.8707,7.1029],[-1.8109,7.0765],[-1.8085,7.0586],[-1.8476,7.0243],[-1.8216,6.9995],[-1.828,6.9683],[-1.788,6.9273],[-1.8028,6.8642],[-1.7914,6.8298],[-1.7794,6.8263],[-1.7887,6.7978],[-1.8166,6.7904],[-1.8388,6.8088],[-1.861,6.8103],[-1.8678,6.7888],[-1.8909,6.783],[-1.8911,6.7712],[-1.9015,6.7658],[-1.9066,6.7349],[-1.935,6.7402],[-1.9311,6.731],[-1.9381,6.7329],[-1.9524,6.7057],[-1.9524,6.7279],[-1.9713,6.7397],[-1.9719,6.7665],[-1.9919,6.7739],[-1.9989,6.7532],[-2.0097,6.7753],[-2.0228,6.7814],[-2.0261,6.8355],[-1.9871,6.8667],[-1.9875,6.8893],[-1.973,6.9118],[-1.9536,7.0852],[-1.917,7.0817]]]}},{"type":"Feature","id":97,"properties":{"id":97,"name":"North Dayi"},"geometry":{"type":"Polygon","coordinates":[[[0.337,6.9014],[0.3575,6.9028],[0.3303,6.8803],[0.3246,6.8627],[0.3496,6.8554],[0.341,6.8401],[0.3071,6.8298],[0.3113,6.8098],[0.3018,6.7966],[0.3116,6.7885],[0.2943,6.7557],[0.2901,6.6998],[0.2667,6.668],[0.2445,6.6622],[0.236,6.6721],[0.1615,6.6832],[0.2037,6.7033],[0.2082,6.7575],[0.1925,6.7893],[0.1449,6.8185],[0.1242,6.8433],[0.1229,6.8894],[0.1355,6.91],[0.2062,6.9425],[0.2274,6.974],[0.2464,6.9687],[0.2569,6.9356],[0.2657,6.945],[0.2702,6.9399],[0.2706,6.9091],[0.2819,6.9029],[0.3298,6.9075],[0.3447,6.9199],[0.337,6.9014]]]}},{"type":"Feature","id":98,"properties":{"id":98,"name":"Bekwai Municipal"},"geometry":{"type":"Polygon","coordinates":[[[-1.5961,6.5282],[-1.5871,6.5152],[-1.5792,6.5237],[-1.5818,6.504],[-1.5493,6.5308],[-1.5059,6.5085],[-1.475,6.5116],[-1.4843,6.4679],[-1.4588,6.4622],[-1.4512,6.4462],[-1.4226,6.4304],[-1.4471,6.4245],[-1.4263,6.3789],[-1.4617,6.3242],[-1.4923,6.3542],[-1.4863,6.3708],[-1.5125,6.376],[-1.5189,6.3485],[-1.5679,6.347],[-1.5856,6.3976],[-1.6004,6.3914],[-1.6177,6.4044],[-1.6211,6.3877],[-1.6332,6.3831],[-1.6474,6.3851],[-1.6547,6.4012],[-1.6758,6.4036],[-1.7027,6.3702],[-1.7267,6.3582],[-1.7431,6.3851],[-1.7707,6.3901],[-1.7564,6.4099],[-1.758,6.4374],[-1.7394,6.4473],[-1.745,6.4733],[-1.7271,6.4921],[-1.7115,6.4898],[-1.681,6.5084],[-1.696,6.5299],[-1.6666,6.5483],[-1.636,6.5315],[-1.5961,6.5282]]]}},{"type":"Feature","id":99,"properties":{"id":99,"name":"Kpando Municipal"},"geometry":{"type":"Polygon","coordinates":[[[0.3824,7.0248],[0.4134,7.0065],[0.4079,6.9946],[0.3708,6.9801],[0.3648,6.9514],[0.345,6.9426],[0.3552,6.9234],[0.3402,6.9222],[0.3298,6.9075],[0.2819,6.9029],[0.2706,6.9091],[0.2702,6.9399],[0.2657,6.945],[0.2569,6.9356],[0.2464,6.9687],[0.2274,6.974],[0.1967,7.0675],[0.2245,7.0994],[0.3285,7.0892],[0.3824,7.0248]]]}},{"type":"Feature","id":100,"properties":{"id":100,"name":"Bosomtwe"},"geometry":{"type":"Polygon","coordinates":[[[-1.5913,6.5922],[-1.5986,6.6137],[-1.5441,6.6478],[-1.5161,6.6438],[-1.4683,6.6066],[-1.4426,6.6182],[-1.4231,6.6091],[-1.4107,6.6201],[-1.4112,6.6392],[-1.3793,6.6369],[-1.3455,6.6195],[-1.3424,6.5871],[-1.3087,6.5519],[-1.3149,6.5242],[-1.3441,6.5131],[-1.3413,6.4894],[-1.4008,6.4692],[-1.4353,6.4724],[-1.4614,6.5092],[-1.5059,6.5085],[-1.5493,6.5308],[-1.5818,6.504],[-1.5792,6.5237],[-1.5871,6.5152],[-1.6124,6.5883],[-1.5913,6.5922]]]}},{"type":"Feature","id":101,"properties":{"id":101,"name":"North Tongu"},"geometry":{"type":"Polygon","coordinates":[[[0.3533,5.9866],[0.3297,5.9966],[0.3487,6.0222],[0.3318,6.0339],[0.3378,6.0472],[0.2955,6.0573],[0.2848,6.0808],[0.2478,6.1057],[0.2289,6.1101],[0.1894,6.0968],[0.1426,6.1095],[0.0932,6.1546],[0.1278,6.2552],[0.1595,6.3002],[0.1757,6.3027],[0.1682,6.3135],[0.1755,6.3311],[0.3044,6.3336],[0.3373,6.3142],[0.3902,6.3036],[0.417,6.2593],[0.4756,6.2643],[0.4378,6.2106],[0.4818,6.1909],[0.4971,6.1996],[0.5047,6.1572],[0.4814,6.1252],[0.4607,6.1303],[0.453,6.1157],[0.4627,6.0804],[0.433,6.081],[0.473,6.0479],[0.4615,6.0288],[0.4933,6.0184],[0.499,5.991],[0.4905,5.9953],[0.4847,5.9755],[0.4837,5.9925],[0.4501,6.0016],[0.4343,5.974],[0.3439,5.9539],[0.3533,5.9866]]]}},{"type":"Feature","id":102,"properties":{"id":102,"name":"Central Tongu"},"geometry":{"type":"Polygon","coordinates":[[[0.7088,6.1562],[0.6721,6.1057],[0.6604,6.1128],[0.6306,6.0939],[0.6092,6.1071],[0.595,6.0993],[0.587,6.0788],[0.557,6.0847],[0.549,6.0068],[0.507,6.0032],[0.4933,6.0184],[0.4615,6.0288],[0.473,6.0479],[0.433,6.081],[0.4627,6.0804],[0.453,6.1157],[0.4607,6.1303],[0.4814,6.1252],[0.5047,6.1572],[0.4971,6.1996],[0.4818,6.1909],[0.4378,6.2106],[0.4756,6.2643],[0.4252,6.2634],[0.4264,6.2789],[0.491,6.3049],[0.5433,6.2816],[0.5475,6.2984],[0.5761,6.3032],[0.5726,6.2899],[0.5897,6.2822],[0.6135,6.305],[0.6158,6.2909],[0.6736,6.3162],[0.6739,6.3303],[0.6945,6.3128],[0.6815,6.3083],[0.6769,6.2931],[0.6985,6.2681],[0.7064,6.2279],[0.7186,6.22],[0.7188,6.1547],[0.7088,6.1562]]]}},{"type":"Feature","id":103,"properties":{"id":103,"name":"Mampong Municipal"},"geometry":{"type":"Polygon","coordinates":[[[-1.4142,6.9411],[-1.4604,6.9644],[-1.456,6.9901],[-1.444,6.9981],[-1.4455,7.0167],[-1.4493,7.024],[-1.4713,7.0215],[-1.4788,7.0483],[-1.5024,7.0542],[-1.4851,7.0888],[-1.4959,7.1083],[-1.529,7.1236],[-1.5338,7.1365],[-1.5927,7.1351],[-1.5562,7.2157],[-1.5295,7.2347],[-1.4989,7.2329],[-1.5032,7.2536],[-1.4938,7.2599],[-1.3784,7.3089],[-1.3458,7.2757],[-1.3134,7.2602],[-1.2835,7.2253],[-1.2501,7.2219],[-1.2931,7.1528],[-1.3519,7.1077],[-1.3844,7.0959],[-1.3864,7.0696],[-1.3759,7.0573],[-1.4015,7.0325],[-1.4027,6.9957],[-1.4109,6.9886],[-1.4201,6.9999],[-1.4263,6.9933],[-1.4104,6.9559],[-1.386,6.9447],[-1.4041,6.919],[-1.4142,6.9411]]]}},{"type":"Feature","id":104,"properties":{"id":104,"name":"Ajumako-enyan-essiam"},"geometry":{"type":"Polygon","coordinates":[[[-1.062,5.3332],[-1.0595,5.3615],[-1.0808,5.3728],[-1.0921,5.4044],[-1.118,5.4208],[-1.1287,5.4171],[-1.1283,5.4313],[-1.0977,5.4428],[-1.0981,5.4727],[-1.0897,5.4749],[-1.086,5.4622],[-1.0717,5.4646],[-1.0689,5.4508],[-1.0635,5.4548],[-1.0721,5.4664],[-1.0873,5.4722],[-1.0936,5.4923],[-1.1163,5.5096],[-1.1222,5.535],[-1.0905,5.5358],[-1.0813,5.5074],[-1.0629,5.5163],[-1.0515,5.5016],[-0.9978,5.5137],[-0.9793,5.5084],[-0.961,5.5225],[-0.9245,5.5002],[-0.9013,5.5357],[-0.8496,5.4977],[-0.8692,5.4783],[-0.8661,5.3967],[-0.8878,5.4092],[-0.8993,5.3978],[-0.8987,5.3793],[-0.9224,5.3763],[-0.9139,5.3327],[-0.9341,5.3173],[-0.9315,5.3056],[-0.9533,5.2958],[-0.9888,5.2994],[-1.0039,5.2874],[-1.062,5.3332]]]}},{"type":"Feature","id":105,"properties":{"id":105,"name":"Gomoa West"},"geometry":{"type":"Polygon","coordinates":[[[-0.7979,5.2508],[-0.8221,5.298],[-0.8864,5.3297],[-0.8898,5.3627],[-0.9189,5.376],[-0.8987,5.3793],[-0.8993,5.3978],[-0.8878,5.4092],[-0.8661,5.3967],[-0.8692,5.4783],[-0.8496,5.4977],[-0.8858,5.5258],[-0.8572,5.5497],[-0.8433,5.5493],[-0.8222,5.526],[-0.775,5.518],[-0.7779,5.4443],[-0.7632,5.4343],[-0.7761,5.4042],[-0.7643,5.3782],[-0.7821,5.3427],[-0.7484,5.3079],[-0.7441,5.2868],[-0.7558,5.2584],[-0.7981,5.2231],[-0.7979,5.2508]]]}},{"type":"Feature","id":106,"properties":{"id":106,"name":"Agona West Municipal"},"geometry":{"type":"Polygon","coordinates":[[[-0.8222,5.526],[-0.9038,5.5911],[-0.8903,5.5921],[-0.8775,5.6066],[-0.8796,5.6278],[-0.8593,5.6415],[-0.8682,5.6615],[-0.8625,5.731],[-0.8785,5.7375],[-0.8802,5.7586],[-0.8123,5.7444],[-0.814,5.7302],[-0.7893,5.7262],[-0.7838,5.7061],[-0.7785,5.7136],[-0.7586,5.7099],[-0.7494,5.6823],[-0.7611,5.6487],[-0.7561,5.6386],[-0.7372,5.6386],[-0.7261,5.6281],[-0.7089,5.5534],[-0.6579,5.5264],[-0.6639,5.5066],[-0.6852,5.499],[-0.6905,5.512],[-0.7035,5.5133],[-0.7073,5.5306],[-0.7434,5.5199],[-0.7514,5.5445],[-0.7779,5.5205],[-0.8222,5.526]]]}},{"type":"Feature","id":107,"properties":{"id":107,"name":"Agona East"},"geometry":{"type":"Polygon","coordinates":[[[-0.6143,5.7015],[-0.5891,5.6808],[-0.609,5.6609],[-0.5964,5.6484],[-0.573,5.6487],[-0.5795,5.63],[-0.5576,5.6015],[-0.5674,5.5835],[-0.5876,5.5812],[-0.5992,5.5433],[-0.6128,5.5371],[-0.6377,5.5524],[-0.6672,5.5323],[-0.7089,5.5534],[-0.7261,5.6281],[-0.7372,5.6386],[-0.7561,5.6386],[-0.7611,5.6487],[-0.7494,5.6823],[-0.7593,5.7074],[-0.6951,5.7153],[-0.6858,5.7395],[-0.643,5.7349],[-0.623,5.7211],[-0.6143,5.7015]]]}},{"type":"Feature","id":108,"properties":{"id":108,"name":"Assin North"},"geometry":{"type":"Polygon","coordinates":[[[-1.4819,5.7714],[-1.5046,5.7767],[-1.5737,5.7584],[-1.5778,5.8028],[-1.5971,5.8454],[-1.5759,5.9031],[-1.5553,5.929],[-1.5396,5.9311],[-1.546,5.9391],[-1.5289,5.9378],[-1.5308,5.9231],[-1.5211,5.9287],[-1.5164,5.914],[-1.5005,5.9055],[-1.5054,5.8951],[-1.4979,5.8908],[-1.5166,5.89],[-1.5218,5.8751],[-1.5007,5.877],[-1.501,5.8682],[-1.4828,5.867],[-1.4759,5.8551],[-1.4617,5.8622],[-1.4669,5.9042],[-1.4564,5.8936],[-1.4507,5.9063],[-1.4214,5.9034],[-1.4187,5.9214],[-1.3802,5.9163],[-1.377,5.9345],[-1.3477,5.9311],[-1.3474,5.9193],[-1.3356,5.9265],[-1.3425,5.9108],[-1.3089,5.9264],[-1.3084,5.89],[-1.298,5.8856],[-1.2752,5.9029],[-1.2624,5.8908],[-1.2609,5.9154],[-1.2442,5.9136],[-1.2426,5.932],[-1.234,5.9345],[-1.1653,5.9032],[-1.169,5.8656],[-1.1596,5.8517],[-1.1692,5.8397],[-1.1576,5.8123],[-1.168,5.7852],[-1.1652,5.7112],[-1.2396,5.7853],[-1.2804,5.7943],[-1.3445,5.7695],[-1.3933,5.7884],[-1.4277,5.7506],[-1.4604,5.7472],[-1.4819,5.7714]]]}},{"type":"Feature","id":109,"properties":{"id":109,"name":"Assin South"},"geometry":{"type":"Polygon","coordinates":[[[-1.3514,5.3957],[-1.3934,5.4149],[-1.3836,5.4323],[-1.3907,5.4496],[-1.4253,5.4613],[-1.4331,5.4775],[-1.4324,5.4951],[-1.4264,5.4895],[-1.4056,5.5021],[-1.4142,5.5283],[-1.4394,5.5412],[-1.4446,5.5845],[-1.4225,5.6188],[-1.4338,5.6277],[-1.4304,5.6775],[-1.4232,5.703],[-1.392,5.7189],[-1.3737,5.693],[-1.3035,5.6947],[-1.2926,5.6742],[-1.2677,5.6653],[-1.2477,5.6821],[-1.228,5.6772],[-1.2069,5.6974],[-1.1851,5.6731],[-1.1876,5.6526],[-1.1702,5.6506],[-1.1774,5.6419],[-1.1706,5.6209],[-1.1624,5.5989],[-1.1488,5.5937],[-1.139,5.556],[-1.115,5.5376],[-1.1233,5.5339],[-1.1163,5.5096],[-1.0936,5.4923],[-1.0873,5.4722],[-1.0721,5.4664],[-1.0635,5.4548],[-1.0689,5.4508],[-1.0717,5.4646],[-1.086,5.4622],[-1.0897,5.4749],[-1.0981,5.4727],[-1.0977,5.4428],[-1.1283,5.4313],[-1.1283,5.4164],[-1.1531,5.3857],[-1.1494,5.3765],[-1.1694,5.3817],[-1.1773,5.3722],[-1.1842,5.3845],[-1.2054,5.3869],[-1.2084,5.3589],[-1.2485,5.3511],[-1.2554,5.3417],[-1.2827,5.3399],[-1.2854,5.3594],[-1.3304,5.3555],[-1.3514,5.3957]]]}},{"type":"Feature","id":110,"properties":{"id":110,"name":"Asikuma-odoben-brakwa"},"geometry":{"type":"Polygon","coordinates":[[[-0.9013,5.5357],[-0.9245,5.5002],[-0.961,5.5225],[-0.9793,5.5084],[-0.9978,5.5137],[-1.0515,5.5016],[-1.0561,5.5136],[-1.0684,5.5163],[-1.0813,5.5074],[-1.0905,5.5358],[-1.1305,5.5425],[-1.1488,5.5937],[-1.1624,5.5989],[-1.1774,5.6419],[-1.167,5.6599],[-1.1705,5.7038],[-1.1614,5.721],[-1.151,5.725],[-1.1439,5.7041],[-1.1357,5.7045],[-1.1344,5.7213],[-1.121,5.7205],[-1.0998,5.7008],[-1.0911,5.7426],[-1.0772,5.7491],[-1.0446,5.7524],[-1.0347,5.7374],[-0.9976,5.7464],[-0.9948,5.7392],[-0.9716,5.7542],[-0.9533,5.7383],[-0.88,5.7417],[-0.8788,5.7493],[-0.8785,5.7375],[-0.8625,5.731],[-0.8682,5.6615],[-0.8593,5.6415],[-0.8796,5.6278],[-0.8775,5.6066],[-0.8903,5.5921],[-0.9038,5.5911],[-0.8623,5.564],[-0.8572,5.5497],[-0.8858,5.5258],[-0.9013,5.5357]]]}},{"type":"Feature","id":111,"properties":{"id":111,"name":"Effutu Municipal"},"geometry":{"type":"Polygon","coordinates":[[[-0.5532,5.3652],[-0.6399,5.3278],[-0.6729,5.3567],[-0.672,5.3701],[-0.6151,5.4066],[-0.5863,5.414],[-0.5922,5.4226],[-0.563,5.4423],[-0.5489,5.3931],[-0.5532,5.3652]]]}},{"type":"Feature","id":112,"properties":{"id":112,"name":"Gomoa East"},"geometry":{"type":"Polygon","coordinates":[[[-0.5421,5.5155],[-0.5061,5.5004],[-0.4949,5.5241],[-0.51,5.5436],[-0.5016,5.5537],[-0.4881,5.5443],[-0.4863,5.5571],[-0.4739,5.5606],[-0.4547,5.547],[-0.4538,5.5274],[-0.4143,5.5307],[-0.4004,5.486],[-0.4064,5.4654],[-0.4652,5.4294],[-0.4628,5.4185],[-0.4738,5.4066],[-0.4832,5.4335],[-0.5155,5.4427],[-0.5327,5.4207],[-0.5484,5.4161],[-0.5619,5.4221],[-0.563,5.4423],[-0.5922,5.4226],[-0.5863,5.414],[-0.6151,5.4066],[-0.672,5.3701],[-0.6862,5.396],[-0.7212,5.3825],[-0.7565,5.4115],[-0.7554,5.4241],[-0.7779,5.4443],[-0.7711,5.4691],[-0.7799,5.5227],[-0.7514,5.5445],[-0.7434,5.5199],[-0.7073,5.5306],[-0.7035,5.5133],[-0.6905,5.512],[-0.6828,5.4991],[-0.6592,5.5123],[-0.6618,5.5314],[-0.6517,5.5446],[-0.6305,5.5517],[-0.6128,5.5371],[-0.5992,5.5433],[-0.5876,5.5812],[-0.5674,5.5835],[-0.5421,5.5155]]]}},{"type":"Feature","id":113,"properties":{"id":113,"name":"Abura-asebu-kwamankese"},"geometry":{"type":"Polygon","coordinates":[[[-1.137,5.3804],[-1.1158,5.3749],[-1.1284,5.346],[-1.1176,5.3207],[-1.0875,5.297],[-1.052,5.2846],[-1.0588,5.2715],[-1.0836,5.2716],[-1.0858,5.2434],[-1.111,5.2415],[-1.1348,5.2576],[-1.1883,5.2558],[-1.2104,5.2236],[-1.2047,5.1941],[-1.2336,5.1705],[-1.1984,5.1329],[-1.2118,5.1178],[-1.2196,5.1363],[-1.2394,5.1317],[-1.2451,5.158],[-1.2822,5.1618],[-1.2866,5.1942],[-1.3103,5.21],[-1.281,5.2213],[-1.2807,5.2458],[-1.2962,5.2655],[-1.2856,5.2819],[-1.2995,5.3104],[-1.2992,5.3484],[-1.2883,5.3606],[-1.2827,5.3399],[-1.2134,5.355],[-1.2054,5.3869],[-1.1842,5.3845],[-1.1773,5.3722],[-1.1694,5.3817],[-1.1494,5.3765],[-1.1531,5.3857],[-1.1419,5.3927],[-1.1388,5.4107],[-1.1233,5.4159],[-1.137,5.3804]]]}},{"type":"Feature","id":114,"properties":{"id":114,"name":"Jomoro"},"geometry":{"type":"Polygon","coordinates":[[[-2.6123,5.4164],[-2.5994,5.4152],[-2.5852,5.3778],[-2.4948,5.3758],[-2.4769,5.184],[-2.4883,5.1368],[-2.4785,5.1206],[-2.4887,5.104],[-2.4832,5.0859],[-2.4966,5.065],[-2.4871,5.0444],[-2.5625,4.9926],[-2.5643,4.9758],[-2.635,4.9823],[-2.6712,4.9993],[-3.1086,5.0902],[-3.109,5.116],[-3.0724,5.1131],[-3.0634,5.122],[-3.0215,5.1194],[-2.9762,5.0871],[-2.9491,5.0841],[-2.9296,5.0967],[-2.9431,5.1143],[-2.9399,5.1252],[-2.8917,5.1195],[-2.8768,5.1281],[-2.8444,5.1073],[-2.8322,5.1214],[-2.8176,5.1056],[-2.8135,5.1134],[-2.7906,5.107],[-2.7857,5.1176],[-2.7854,5.109],[-2.7573,5.1007],[-2.7541,5.1166],[-2.7422,5.1135],[-2.7238,5.1409],[-2.7416,5.1557],[-2.7358,5.1623],[-2.7456,5.1669],[-2.7476,5.2021],[-2.7571,5.2005],[-2.7648,5.2169],[-2.757,5.2184],[-2.7554,5.233],[-2.7658,5.2363],[-2.7624,5.2457],[-2.7547,5.2422],[-2.7608,5.2498],[-2.7549,5.2462],[-2.7546,5.2532],[-2.7789,5.2636],[-2.7793,5.266],[-2.7693,5.2682],[-2.7853,5.2856],[-2.7664,5.3052],[-2.7767,5.3464],[-2.7684,5.357],[-2.7557,5.3438],[-2.6868,5.3483],[-2.6123,5.4164]]]}},{"type":"Feature","id":115,"properties":{"id":115,"name":"Ellembelle"},"geometry":{"type":"Polygon","coordinates":[[[-2.4794,5.4007],[-2.4401,5.3793],[-2.3593,5.3771],[-2.3372,5.3497],[-2.3251,5.3491],[-2.3402,5.3248],[-2.336,5.3088],[-2.3513,5.2933],[-2.3431,5.2728],[-2.3557,5.2609],[-2.3639,5.223],[-2.3569,5.2009],[-2.368,5.1672],[-2.3544,5.1557],[-2.3564,5.1194],[-2.329,5.1038],[-2.3164,5.1124],[-2.3083,5.0851],[-2.2955,5.0898],[-2.2734,5.0715],[-2.2687,5.077],[-2.2594,5.0506],[-2.238,5.0337],[-2.2383,5.0079],[-2.2138,4.9997],[-2.2164,4.9481],[-2.223,4.9406],[-2.2336,4.9479],[-2.233,4.9385],[-2.2415,4.9418],[-2.2703,4.9243],[-2.27,4.8996],[-2.3836,4.9435],[-2.5599,4.987],[-2.5625,4.9926],[-2.4871,5.0444],[-2.4966,5.065],[-2.4832,5.0859],[-2.4887,5.104],[-2.4785,5.1206],[-2.4883,5.1368],[-2.4769,5.184],[-2.4932,5.396],[-2.4794,5.4007]]]}},{"type":"Feature","id":116,"properties":{"id":116,"name":"Dormaa Municipal"},"geometry":{"type":"Polygon","coordinates":[[[-2.6992,7.1065],[-2.729,7.0986],[-2.7552,7.0758],[-2.7715,7.0209],[-2.9326,6.9966],[-2.9782,7.0568],[-2.9736,7.0671],[-3.0113,7.0849],[-3.0133,7.0954],[-3.0291,7.0966],[-3.0236,7.1425],[-2.9534,7.2392],[-2.9782,7.2721],[-2.9371,7.4803],[-2.8931,7.4167],[-2.8889,7.4261],[-2.8047,7.4681],[-2.7879,7.4598],[-2.7807,7.471],[-2.7444,7.4242],[-2.7316,7.4272],[-2.7071,7.396],[-2.6962,7.3802],[-2.721,7.3803],[-2.7334,7.3957],[-2.7331,7.3885],[-2.7762,7.3843],[-2.8028,7.3634],[-2.7878,7.3353],[-2.7901,7.3124],[-2.7954,7.3011],[-2.8145,7.3028],[-2.8141,7.2748],[-2.7914,7.27],[-2.7589,7.2314],[-2.7294,7.2189],[-2.7419,7.1882],[-2.7128,7.1676],[-2.6905,7.1324],[-2.6992,7.1065]]]}},{"type":"Feature","id":117,"properties":{"id":117,"name":"Dormaa West"},"geometry":{"type":"Polygon","coordinates":[[[-2.9386,6.9414],[-2.969,6.937],[-2.9887,6.9464],[-3.0281,6.927],[-3.0728,6.9437],[-3.0756,6.9719],[-3.1166,7.0059],[-3.0749,7.0629],[-3.0321,7.0717],[-3.0291,7.0966],[-3.0167,7.0972],[-3.0113,7.0849],[-2.9736,7.0671],[-2.9782,7.0568],[-2.9326,6.9966],[-2.7774,7.0201],[-2.8208,6.964],[-2.8489,6.9517],[-2.8563,6.9117],[-2.8493,6.8868],[-2.8648,6.8516],[-2.9386,6.9414]]]}},{"type":"Feature","id":118,"properties":{"id":118,"name":"Nadowli-kaleo"},"geometry":{"type":"Polygon","coordinates":[[[-2.5218,10.0975],[-2.5511,10.0923],[-2.566,10.1026],[-2.5708,10.1197],[-2.5834,10.1147],[-2.6168,10.1489],[-2.6092,10.1538],[-2.6141,10.1655],[-2.6574,10.1543],[-2.6915,10.1634],[-2.7032,10.1843],[-2.7423,10.205],[-2.7941,10.1757],[-2.7959,10.1977],[-2.7612,10.2261],[-2.7561,10.2456],[-2.7616,10.2625],[-2.8342,10.2967],[-2.8493,10.316],[-2.8314,10.3881],[-2.7798,10.4086],[-2.7721,10.4266],[-2.7411,10.4271],[-2.7242,10.4431],[-2.687,10.4474],[-2.6677,10.4613],[-2.6179,10.4621],[-2.5877,10.4812],[-2.5751,10.4602],[-2.59,10.4631],[-2.6014,10.4481],[-2.6035,10.3735],[-2.5795,10.394],[-2.5575,10.3835],[-2.4688,10.3837],[-2.469,10.3445],[-2.456,10.3275],[-2.4646,10.3164],[-2.4616,10.2836],[-2.4272,10.2649],[-2.466,10.2421],[-2.4546,10.2013],[-2.4577,10.1605],[-2.5218,10.0975]]]}},{"type":"Feature","id":119,"properties":{"id":119,"name":"Prestea/huni Valley"},"geometry":{"type":"Polygon","coordinates":[[[-1.8181,5.5404],[-1.7959,5.5438],[-1.7832,5.5337],[-1.8005,5.5008],[-1.8252,5.4834],[-1.8141,5.4666],[-1.8221,5.4468],[-1.7584,5.3102],[-1.8541,5.2231],[-1.8727,5.2357],[-1.8872,5.2246],[-1.9046,5.2279],[-1.9159,5.207],[-1.9288,5.2098],[-1.9393,5.1994],[-1.9487,5.205],[-1.9623,5.2522],[-1.9501,5.281],[-1.9273,5.2973],[-1.9291,5.343],[-1.9557,5.3499],[-1.964,5.3376],[-1.9735,5.3474],[-1.9821,5.3406],[-2.0225,5.3724],[-2.06,5.3608],[-2.0592,5.3507],[-2.1027,5.3048],[-2.1333,5.2501],[-2.1511,5.2522],[-2.1491,5.2669],[-2.1713,5.2727],[-2.1755,5.2829],[-2.1744,5.3188],[-2.1893,5.321],[-2.1887,5.3354],[-2.2083,5.3348],[-2.2144,5.3581],[-2.2405,5.3719],[-2.2318,5.3821],[-2.2601,5.4],[-2.2656,5.4187],[-2.2539,5.4596],[-2.2619,5.484],[-2.2506,5.4981],[-2.2552,5.5221],[-2.2459,5.5211],[-2.2462,5.5474],[-2.2301,5.564],[-2.2048,5.5705],[-2.1687,5.5478],[-2.1594,5.555],[-2.1629,5.5667],[-2.1746,5.5688],[-2.1659,5.5726],[-2.1725,5.6037],[-2.16,5.6234],[-2.099,5.6163],[-2.0933,5.6086],[-2.0834,5.6204],[-2.0718,5.619],[-2.0616,5.6061],[-2.0412,5.6344],[-2.0247,5.6217],[-2.0156,5.6368],[-1.9664,5.6241],[-1.9472,5.6312],[-1.9407,5.6506],[-1.911,5.6706],[-1.8931,5.6647],[-1.8562,5.6917],[-1.8387,5.6939],[-1.818,5.6747],[-1.8322,5.5924],[-1.8245,5.5932],[-1.8181,5.5404]]]}},{"type":"Feature","id":120,"properties":{"id":120,"name":"Ahanta West Municipal"},"geometry":{"type":"Polygon","coordinates":[[[-1.9587,4.9486],[-1.9329,4.9503],[-1.8984,4.9274],[-1.8667,4.9273],[-1.8664,4.9472],[-1.8844,4.9635],[-1.8434,4.9634],[-1.82,4.9175],[-1.7674,4.8749],[-1.8073,4.8735],[-1.8381,4.8486],[-1.9125,4.8258],[-1.9741,4.7589],[-2.0389,4.7553],[-2.0545,4.7398],[-2.0796,4.7486],[-2.0921,4.7388],[-2.094,4.749],[-2.1117,4.7546],[-2.1051,4.7756],[-2.1223,4.7897],[-2.1578,4.798],[-2.1688,4.7911],[-2.1801,4.8179],[-2.1373,4.8523],[-2.1204,4.8815],[-2.0945,4.888],[-2.0926,4.9023],[-2.0262,4.9201],[-2.0116,4.9029],[-1.9867,4.9031],[-1.9829,4.913],[-1.9947,4.9264],[-1.972,4.9587],[-1.9587,4.9486]]]}},{"type":"Feature","id":121,"properties":{"id":121,"name":"Daffiama Bussie Issa"},"geometry":{"type":"Polygon","coordinates":[[[-2.0805,10.3127],[-2.0964,10.3343],[-2.1699,10.3072],[-2.1637,10.2884],[-2.1968,10.2886],[-2.2122,10.2443],[-2.2381,10.2359],[-2.2465,10.2139],[-2.2803,10.2465],[-2.3543,10.2411],[-2.4042,10.1627],[-2.4492,10.1572],[-2.4577,10.1605],[-2.4546,10.2013],[-2.466,10.2421],[-2.4272,10.2649],[-2.4616,10.2836],[-2.4646,10.3164],[-2.456,10.3275],[-2.469,10.3445],[-2.4688,10.3837],[-2.5575,10.3835],[-2.5795,10.394],[-2.6035,10.3735],[-2.6014,10.4481],[-2.59,10.4631],[-2.5751,10.4602],[-2.5877,10.4812],[-2.5566,10.4998],[-2.4751,10.5124],[-2.4599,10.5289],[-2.4399,10.5184],[-2.4348,10.5351],[-2.3744,10.542],[-2.355,10.5642],[-2.3181,10.5817],[-2.2995,10.5705],[-2.2963,10.5545],[-2.2693,10.5551],[-2.2285,10.506],[-2.1785,10.49],[-2.1853,10.4619],[-2.1616,10.4666],[-2.1369,10.4409],[-2.1164,10.449],[-2.09,10.4436],[-2.0629,10.4027],[-2.0492,10.3543],[-2.0683,10.3388],[-2.0596,10.3235],[-2.0805,10.3127]]]}},{"type":"Feature","id":122,"properties":{"id":122,"name":"Nzema East"},"geometry":{"type":"Polygon","coordinates":[[[-2.3053,5.3395],[-2.2973,5.348],[-2.2894,5.3435],[-2.2891,5.3518],[-2.2765,5.348],[-2.2762,5.3567],[-2.26,5.3458],[-2.2621,5.3357],[-2.2403,5.3277],[-2.1887,5.3354],[-2.1893,5.321],[-2.1744,5.3188],[-2.1713,5.2727],[-2.1518,5.2699],[-2.1511,5.2522],[-2.1243,5.2468],[-2.1187,5.2204],[-2.1054,5.2086],[-2.1376,5.1831],[-2.1245,5.1427],[-2.1548,5.0853],[-2.1377,5.0862],[-2.1271,5.0662],[-2.1082,5.0807],[-2.0985,5.0693],[-2.0883,5.0416],[-2.1053,5.0209],[-2.0922,5.0057],[-2.0768,4.9292],[-2.0589,4.9067],[-2.0926,4.9023],[-2.0945,4.888],[-2.1204,4.8815],[-2.1373,4.8523],[-2.1813,4.8156],[-2.2475,4.8553],[-2.2477,4.8803],[-2.2694,4.8923],[-2.2675,4.9134],[-2.2749,4.9138],[-2.2582,4.9343],[-2.2164,4.9481],[-2.2138,4.9997],[-2.2383,5.0079],[-2.238,5.0337],[-2.2594,5.0506],[-2.2687,5.077],[-2.2734,5.0715],[-2.2955,5.0898],[-2.3083,5.0851],[-2.3164,5.1124],[-2.329,5.1038],[-2.3564,5.1194],[-2.3544,5.1557],[-2.368,5.1672],[-2.3569,5.2009],[-2.3639,5.223],[-2.3557,5.2609],[-2.3431,5.2728],[-2.3513,5.2933],[-2.336,5.3088],[-2.3402,5.3248],[-2.3251,5.3491],[-2.3053,5.3395]]]}},{"type":"Feature","id":123,"properties":{"id":123,"name":"Lawra"},"geometry":{"type":"Polygon","coordinates":[[[-2.735,10.6123],[-2.7454,10.6294],[-2.7566,10.6286],[-2.804,10.5977],[-2.8035,10.5508],[-2.846,10.5039],[-2.8385,10.5031],[-2.8411,10.465],[-2.8538,10.4507],[-2.8635,10.4565],[-2.8746,10.4911],[-2.8991,10.5228],[-2.9018,10.5511],[-2.9402,10.6124],[-2.9406,10.6366],[-2.9055,10.6882],[-2.9109,10.6998],[-2.94,10.7093],[-2.9378,10.7222],[-2.8963,10.7626],[-2.8883,10.7479],[-2.8508,10.7503],[-2.8514,10.7354],[-2.8416,10.7289],[-2.8012,10.7681],[-2.7765,10.763],[-2.7678,10.7453],[-2.7484,10.7397],[-2.6952,10.7574],[-2.7105,10.7729],[-2.6639,10.7894],[-2.6557,10.7542],[-2.6741,10.7455],[-2.6954,10.7501],[-2.6811,10.712],[-2.7326,10.7122],[-2.7243,10.6841],[-2.7133,10.6874],[-2.6981,10.6361],[-2.735,10.6123]]]}},{"type":"Feature","id":124,"properties":{"id":124,"name":"Nandom"},"geometry":{"type":"Polygon","coordinates":[[[-2.7366,10.9465],[-2.745,10.9314],[-2.7363,10.9287],[-2.7344,10.9027],[-2.7246,10.9099],[-2.7238,10.8895],[-2.7419,10.876],[-2.7363,10.8571],[-2.7144,10.8488],[-2.7098,10.8119],[-2.6866,10.8124],[-2.6915,10.7796],[-2.7105,10.7729],[-2.6933,10.7606],[-2.7484,10.7397],[-2.7678,10.7453],[-2.7765,10.763],[-2.8079,10.767],[-2.8109,10.7533],[-2.845,10.7297],[-2.8508,10.7503],[-2.8883,10.7479],[-2.8963,10.7626],[-2.8791,10.8319],[-2.8635,10.8577],[-2.8656,10.8841],[-2.8371,10.8935],[-2.8175,10.9238],[-2.8197,10.9426],[-2.8406,10.9675],[-2.834,11.0041],[-2.7683,11.0048],[-2.7366,10.9465]]]}},{"type":"Feature","id":125,"properties":{"id":125,"name":"Tarkwa Nsuaem"},"geometry":{"type":"Polygon","coordinates":[[[-1.8491,5.1966],[-1.884,5.1444],[-1.8949,5.1581],[-1.9387,5.1548],[-1.953,5.0935],[-1.951,5.0249],[-1.9735,5.021],[-1.9767,4.9848],[-1.9886,4.9744],[-1.979,4.9496],[-1.9947,4.9264],[-1.985,4.9048],[-2.0116,4.9029],[-2.0262,4.9201],[-2.0658,4.9096],[-2.0883,4.96],[-2.0922,5.0057],[-2.1053,5.0209],[-2.0883,5.0416],[-2.0985,5.0693],[-2.1082,5.0807],[-2.1271,5.0662],[-2.1377,5.0862],[-2.1548,5.0853],[-2.1245,5.1427],[-2.1376,5.1831],[-2.1054,5.2086],[-2.1187,5.2204],[-2.1243,5.2468],[-2.1368,5.2444],[-2.1281,5.269],[-2.0592,5.3507],[-2.06,5.3608],[-2.0225,5.3724],[-1.9821,5.3406],[-1.9735,5.3474],[-1.964,5.3376],[-1.9557,5.3499],[-1.9291,5.343],[-1.9273,5.2973],[-1.9501,5.281],[-1.9623,5.2522],[-1.9487,5.205],[-1.9393,5.1994],[-1.9288,5.2098],[-1.9159,5.207],[-1.9046,5.2279],[-1.8872,5.2246],[-1.8727,5.2357],[-1.8541,5.2231],[-1.8491,5.1966]]]}},{"type":"Feature","id":126,"properties":{"id":126,"name":"Talensi"},"geometry":{"type":"Polygon","coordinates":[[[-0.9168,10.6456],[-0.9005,10.7169],[-0.8801,10.7382],[-0.8401,10.7425],[-0.7856,10.7664],[-0.7668,10.7977],[-0.7338,10.7949],[-0.7132,10.8034],[-0.671,10.7892],[-0.6637,10.7436],[-0.6551,10.7549],[-0.6403,10.7433],[-0.615,10.7459],[-0.6118,10.7528],[-0.6266,10.7672],[-0.6213,10.7743],[-0.5772,10.7661],[-0.5676,10.7332],[-0.5469,10.7157],[-0.5469,10.6743],[-0.5332,10.6446],[-0.5392,10.6328],[-0.5238,10.6225],[-0.5494,10.6051],[-0.5276,10.5676],[-0.5183,10.5667],[-0.5251,10.5577],[-0.5602,10.5702],[-0.5787,10.5493],[-0.5936,10.5461],[-0.6407,10.5556],[-0.6711,10.5253],[-0.6899,10.5425],[-0.711,10.5243],[-0.7154,10.5369],[-0.6857,10.5676],[-0.6938,10.5889],[-0.7182,10.6056],[-0.7062,10.6205],[-0.7122,10.6416],[-0.7244,10.6516],[-0.7556,10.6403],[-0.7896,10.6526],[-0.7959,10.6217],[-0.8236,10.6009],[-0.8378,10.6012],[-0.8433,10.5746],[-0.8746,10.5953],[-0.9092,10.5759],[-0.8906,10.5185],[-0.9332,10.481],[-0.9089,10.5222],[-0.936,10.5265],[-0.9326,10.5475],[-0.9554,10.5718],[-0.944,10.6172],[-0.9168,10.6456]]]}},{"type":"Feature","id":127,"properties":{"id":127,"name":"Sefwi Akontombra"},"geometry":{"type":"Polygon","coordinates":[[[-2.6072,5.9622],[-2.624,5.9704],[-2.6465,5.9598],[-2.6559,5.9651],[-2.6769,5.9372],[-2.6795,5.9627],[-2.6644,5.9754],[-2.7244,5.9892],[-2.7498,5.9636],[-2.8808,5.9764],[-2.8871,5.999],[-2.9059,6.0046],[-2.9113,6.047],[-2.95,6.071],[-2.9293,6.0827],[-2.9221,6.1097],[-2.9482,6.1654],[-2.8903,6.1953],[-2.8752,6.1657],[-2.8455,6.1414],[-2.8368,6.0835],[-2.7731,6.1184],[-2.7802,6.1499],[-2.7615,6.174],[-2.7458,6.2238],[-2.7205,6.2287],[-2.7145,6.2386],[-2.6812,6.2397],[-2.6649,6.2227],[-2.6499,6.2227],[-2.5915,6.2509],[-2.5659,6.2334],[-2.5821,6.2103],[-2.5672,6.1926],[-2.5443,6.1979],[-2.5161,6.1877],[-2.5308,6.177],[-2.5122,6.1716],[-2.5117,6.1497],[-2.4451,6.1549],[-2.449,6.1021],[-2.476,6.108],[-2.5068,6.083],[-2.506,6.0725],[-2.4893,6.0646],[-2.5584,5.9787],[-2.6072,5.9622]]]}},{"type":"Feature","id":128,"properties":{"id":128,"name":"Effia Kwesimintsim Municipal"},"geometry":{"type":"Polygon","coordinates":[[[-1.8409,4.9853],[-1.8115,4.9786],[-1.8119,4.9987],[-1.7711,5.0444],[-1.744,5.0177],[-1.7449,4.983],[-1.7794,4.9569],[-1.7764,4.9502],[-1.7629,4.9551],[-1.7678,4.9446],[-1.7532,4.9428],[-1.7625,4.9316],[-1.7539,4.9316],[-1.7506,4.9178],[-1.78,4.886],[-1.82,4.9175],[-1.8434,4.9634],[-1.8409,4.9853]]]}},{"type":"Feature","id":129,"properties":{"id":129,"name":"Nabdam"},"geometry":{"type":"Polygon","coordinates":[[[-0.6821,10.8806],[-0.6759,10.9278],[-0.6483,10.9501],[-0.6264,10.9392],[-0.6015,10.8547],[-0.5567,10.807],[-0.5738,10.7897],[-0.5772,10.7661],[-0.6213,10.7743],[-0.6266,10.7672],[-0.6118,10.7528],[-0.615,10.7459],[-0.6403,10.7433],[-0.6551,10.7549],[-0.6637,10.7436],[-0.6754,10.792],[-0.7132,10.8034],[-0.7338,10.7949],[-0.7714,10.8002],[-0.7622,10.805],[-0.7603,10.8302],[-0.7514,10.8264],[-0.7169,10.8665],[-0.6821,10.8806]]]}},{"type":"Feature","id":130,"properties":{"id":130,"name":"Builsa South"},"geometry":{"type":"Polygon","coordinates":[[[-1.4038,10.6896],[-1.3783,10.6347],[-1.3917,10.6271],[-1.3887,10.6119],[-1.4037,10.5728],[-1.3346,10.6184],[-1.3193,10.6186],[-1.3149,10.6037],[-1.3046,10.6011],[-1.2883,10.6189],[-1.2684,10.5973],[-1.276,10.5821],[-1.249,10.5864],[-1.2428,10.5602],[-1.2341,10.5612],[-1.2233,10.5432],[-1.1967,10.5426],[-1.1724,10.5619],[-1.1699,10.5753],[-1.1847,10.5943],[-1.1771,10.6006],[-1.1581,10.5969],[-1.0966,10.6113],[-1.0905,10.6034],[-1.0968,10.593],[-1.0674,10.5402],[-1.0835,10.511],[-1.0671,10.5027],[-1.0718,10.4904],[-1.1333,10.4582],[-1.1656,10.4126],[-1.232,10.387],[-1.2321,10.367],[-1.214,10.3443],[-1.2111,10.3241],[-1.2282,10.2869],[-1.2482,10.2746],[-1.2562,10.3033],[-1.2718,10.3145],[-1.269,10.3255],[-1.3264,10.3321],[-1.3249,10.3401],[-1.3482,10.3473],[-1.3504,10.3731],[-1.3817,10.3909],[-1.3849,10.4053],[-1.3667,10.4139],[-1.3728,10.4274],[-1.3624,10.435],[-1.3801,10.456],[-1.3774,10.4667],[-1.4023,10.4847],[-1.4181,10.466],[-1.4466,10.4691],[-1.4669,10.4868],[-1.4628,10.5092],[-1.4485,10.5169],[-1.4571,10.5333],[-1.4859,10.5383],[-1.4899,10.5501],[-1.5183,10.5621],[-1.516,10.5767],[-1.5266,10.5883],[-1.5539,10.5863],[-1.5664,10.5995],[-1.5735,10.6679],[-1.5682,10.7234],[-1.5568,10.7469],[-1.5336,10.748],[-1.4782,10.7862],[-1.4715,10.7583],[-1.4264,10.7499],[-1.4054,10.7272],[-1.4038,10.6896]]]}},{"type":"Feature","id":131,"properties":{"id":131,"name":"Builsa North"},"geometry":{"type":"Polygon","coordinates":[[[-1.3747,10.8046],[-1.3764,10.8119],[-1.2913,10.8254],[-1.2411,10.7951],[-1.2307,10.8087],[-1.196,10.8217],[-1.1883,10.8703],[-1.1517,10.8796],[-1.1443,10.8584],[-1.1317,10.8484],[-1.118,10.8517],[-1.1102,10.8352],[-1.1212,10.803],[-1.1341,10.7984],[-1.1358,10.7732],[-1.1256,10.7643],[-1.1291,10.746],[-1.0966,10.7312],[-1.1208,10.6928],[-1.114,10.6752],[-1.0931,10.6845],[-1.0826,10.6607],[-1.095,10.6476],[-1.1133,10.6464],[-1.0966,10.6113],[-1.1581,10.5969],[-1.1771,10.6006],[-1.1847,10.5943],[-1.1699,10.5753],[-1.1724,10.5619],[-1.1967,10.5426],[-1.2233,10.5432],[-1.2341,10.5612],[-1.2428,10.5602],[-1.249,10.5864],[-1.276,10.5821],[-1.2684,10.5973],[-1.2883,10.6189],[-1.3046,10.6011],[-1.3149,10.6037],[-1.3193,10.6186],[-1.3346,10.6184],[-1.4037,10.5728],[-1.3887,10.6119],[-1.3917,10.6271],[-1.3783,10.6347],[-1.4038,10.6896],[-1.399,10.7069],[-1.4071,10.7205],[-1.3938,10.7619],[-1.4017,10.7927],[-1.3747,10.8046]]]}},{"type":"Feature","id":132,"properties":{"id":132,"name":"Binduri"},"geometry":{"type":"Polygon","coordinates":[[[-0.2387,10.8828],[-0.2693,10.8878],[-0.3222,10.8381],[-0.3352,10.8383],[-0.3531,10.8164],[-0.3545,10.7999],[-0.3886,10.8294],[-0.3963,10.8541],[-0.3838,10.8671],[-0.3903,10.899],[-0.3777,10.9029],[-0.3802,10.9226],[-0.3718,10.9263],[-0.382,10.9411],[-0.3646,10.9572],[-0.3871,10.9701],[-0.3899,11.0242],[-0.3704,11.0365],[-0.3741,11.0546],[-0.3534,11.0846],[-0.3264,11.0907],[-0.3057,11.0735],[-0.2904,11.085],[-0.2789,11.0782],[-0.2764,11.0344],[-0.2578,11.0282],[-0.2421,11.0067],[-0.2208,11.0028],[-0.2313,10.9792],[-0.2121,10.9603],[-0.2326,10.9501],[-0.2379,10.932],[-0.2206,10.9257],[-0.2157,10.9115],[-0.2387,10.8828]]]}},{"type":"Feature","id":133,"properties":{"id":133,"name":"Pusiga"},"geometry":{"type":"Polygon","coordinates":[[[0.0011,11.033],[-0.0162,11.0074],[-0.0359,11.0157],[-0.0385,11.0272],[-0.0437,11.0198],[-0.05,11.0266],[-0.144,10.992],[-0.1688,11.0404],[-0.1933,11.0352],[-0.196,11.0891],[-0.2072,11.089],[-0.2048,11.1052],[-0.226,11.1367],[-0.218,11.1602],[-0.1365,11.1398],[-0.1436,11.1066],[-0.0949,11.0859],[-0.0547,11.0861],[-0.0322,11.1096],[-0.006,11.1084],[0.0243,11.0629],[0.0261,11.0355],[0.0011,11.033]]]}},{"type":"Feature","id":134,"properties":{"id":134,"name":"Bawku Municipal"},"geometry":{"type":"Polygon","coordinates":[[[-0.2094,10.9093],[-0.2206,10.9257],[-0.2352,10.925],[-0.2326,10.9501],[-0.2121,10.9603],[-0.2313,10.9792],[-0.2208,11.0028],[-0.2421,11.0067],[-0.2578,11.0282],[-0.2764,11.0344],[-0.2827,11.0476],[-0.2739,11.0668],[-0.2822,11.0817],[-0.3057,11.0735],[-0.3128,11.0851],[-0.3387,11.0908],[-0.3367,11.1067],[-0.3226,11.1144],[-0.2734,11.1235],[-0.2717,11.1375],[-0.2897,11.1477],[-0.2767,11.1745],[-0.218,11.1602],[-0.226,11.1367],[-0.2048,11.1052],[-0.2072,11.089],[-0.196,11.0891],[-0.1933,11.0352],[-0.1731,11.0426],[-0.1511,11.0144],[-0.1578,10.9805],[-0.1426,10.9678],[-0.1801,10.921],[-0.2094,10.9093]]]}},{"type":"Feature","id":135,"properties":{"id":135,"name":"North Gonja"},"geometry":{"type":"Polygon","coordinates":[[[-1.7098,9.8224],[-1.6963,9.8872],[-1.7161,9.94],[-1.7067,9.9458],[-1.7148,10.0122],[-1.7017,10.0138],[-1.686,10.0387],[-1.6736,10.0253],[-1.6672,10.0451],[-1.6349,10.0426],[-1.6291,10.0529],[-1.655,10.0746],[-1.6264,10.0791],[-1.6131,10.0691],[-1.5574,10.0978],[-1.5463,10.0705],[-1.4674,10.1036],[-1.4368,10.1034],[-1.4119,10.0891],[-1.3696,10.0946],[-1.355,10.0797],[-1.3101,10.066],[-1.2877,10.0355],[-1.2562,10.0355],[-1.227,10.008],[-1.1564,9.9773],[-1.1421,9.98],[-1.1076,9.9273],[-1.1626,9.9522],[-1.1785,9.9496],[-1.1822,9.898],[-1.1601,9.8565],[-1.1743,9.7898],[-1.1867,9.8003],[-1.2131,9.7984],[-1.2383,9.8285],[-1.2632,9.8243],[-1.2742,9.8018],[-1.305,9.8112],[-1.3076,9.823],[-1.3142,9.8163],[-1.3087,9.8011],[-1.3406,9.8082],[-1.3515,9.7944],[-1.3501,9.7297],[-1.3253,9.698],[-1.3191,9.6671],[-1.3251,9.6561],[-1.3146,9.6533],[-1.3302,9.6439],[-1.3294,9.6338],[-1.3731,9.6074],[-1.2813,9.5099],[-1.2431,9.4194],[-1.2546,9.3529],[-1.2648,9.342],[-1.2608,9.3314],[-1.2691,9.3307],[-1.2425,9.2848],[-1.2635,9.2959],[-1.3138,9.3595],[-1.3437,9.3819],[-1.3878,9.368],[-1.3926,9.3514],[-1.4036,9.3535],[-1.4059,9.3384],[-1.4167,9.3393],[-1.4239,9.3266],[-1.4371,9.3318],[-1.4615,9.3179],[-1.487,9.3307],[-1.5087,9.297],[-1.5253,9.2948],[-1.5413,9.32],[-1.5666,9.3034],[-1.5631,9.295],[-1.5791,9.2763],[-1.6053,9.2906],[-1.6351,9.3232],[-1.7155,9.3716],[-1.7405,9.4216],[-1.7383,9.4539],[-1.7718,9.496],[-1.8494,9.5052],[-1.8498,9.514],[-1.876,9.5221],[-1.8667,9.5388],[-1.8737,9.5563],[-1.9057,9.5537],[-1.9229,9.5721],[-1.922,9.601],[-1.9059,9.6326],[-1.886,9.6487],[-1.9116,9.6879],[-1.9074,9.7066],[-1.9203,9.7463],[-1.9868,9.8251],[-1.7098,9.8224]]]}},{"type":"Feature","id":136,"properties":{"id":136,"name":"West Gonja"},"geometry":{"type":"Polygon","coordinates":[[[-2.2562,9.177],[-2.2697,9.2228],[-2.2922,9.2366],[-2.255,9.263],[-2.2195,9.3361],[-2.1997,9.3571],[-2.1806,9.361],[-2.1653,9.3838],[-2.1231,9.3859],[-2.1163,9.3945],[-2.1311,9.419],[-2.1273,9.4345],[-2.1462,9.4986],[-2.1215,9.5077],[-2.0869,9.5644],[-2.01,9.5914],[-1.9963,9.58],[-1.9676,9.5763],[-1.957,9.5443],[-1.9314,9.5458],[-1.9132,9.5639],[-1.9057,9.5537],[-1.8793,9.5599],[-1.8668,9.5422],[-1.876,9.5221],[-1.8669,9.5141],[-1.8498,9.514],[-1.8426,9.5025],[-1.7718,9.496],[-1.7383,9.4539],[-1.7405,9.4216],[-1.7155,9.3716],[-1.6351,9.3232],[-1.5856,9.2766],[-1.5682,9.2849],[-1.5666,9.3034],[-1.5413,9.32],[-1.5324,9.3131],[-1.5253,9.2948],[-1.5087,9.297],[-1.487,9.3307],[-1.4615,9.3179],[-1.4371,9.3318],[-1.4239,9.3266],[-1.4167,9.3393],[-1.4059,9.3384],[-1.4036,9.3535],[-1.3926,9.3514],[-1.3878,9.368],[-1.3437,9.3819],[-1.3138,9.3595],[-1.2635,9.2959],[-1.2425,9.2848],[-1.2527,9.2681],[-1.2371,9.2634],[-1.2379,9.2133],[-1.2528,9.1874],[-1.2791,9.1849],[-1.3191,9.1556],[-1.365,9.1686],[-1.3787,9.1482],[-1.3742,9.129],[-1.4034,9.1301],[-1.4286,9.1132],[-1.4753,9.1059],[-1.5167,9.0581],[-1.5514,9.0392],[-1.5654,9.009],[-1.5866,8.9946],[-1.5628,8.9498],[-1.6082,8.9196],[-1.6612,8.9189],[-1.6931,8.8941],[-1.7005,8.8544],[-1.8565,8.8795],[-1.857,8.9682],[-1.8321,9.0091],[-1.8418,9.0345],[-1.8798,9.0498],[-1.9282,9.0429],[-1.9409,9.0536],[-1.9523,9.0465],[-1.974,9.0508],[-1.9885,9.0388],[-2.0097,9.0432],[-2.0336,9.0138],[-2.0699,9.0298],[-2.1053,9.0283],[-2.1371,9.0643],[-2.1653,9.0772],[-2.1754,9.1022],[-2.2588,9.1547],[-2.2562,9.177]]]}},{"type":"Feature","id":137,"properties":{"id":137,"name":"Mion"},"geometry":{"type":"MultiPolygon","coordinates":[[[[0.1527,9.1517],[0.1135,9.1289],[0.1235,9.0989],[0.1023,9.1067],[0.069,9.1004],[0.0531,9.1272],[0.0328,9.1345],[0.0337,9.1464],[0.023,9.1518],[0.05,9.166],[0.0503,9.211],[0.0725,9.2106],[0.0848,9.1988],[0.1719,9.1953],[0.1673,9.1641],[0.1753,9.1485],[0.1527,9.1517]]],[[[-0.0251,9.7546],[-0.0654,9.7488],[-0.0853,9.718],[-0.1027,9.7051],[-0.1357,9.7019],[-0.1529,9.6819],[-0.1744,9.6766],[-0.1752,9.6668],[-0.1714,9.6519],[-0.1297,9.6277],[-0.089,9.6236],[-0.0843,9.5964],[-0.0657,9.5889],[-0.0681,9.5751],[-0.0517,9.5636],[-0.0576,9.5469],[-0.0653,9.5558],[-0.0699,9.547],[-0.0713,9.5177],[-0.0812,9.5245],[-0.0806,9.5076],[-0.0985,9.4982],[-0.0899,9.4926],[-0.1033,9.4628],[-0.0828,9.4378],[-0.0559,9.4349],[-0.0598,9.4253],[-0.0454,9.412],[-0.0387,9.3838],[-0.0496,9.368],[-0.069,9.3759],[-0.0867,9.3459],[-0.0627,9.3162],[-0.0671,9.3078],[-0.043,9.3046],[-0.0509,9.2852],[-0.0294,9.2734],[-0.0379,9.2675],[-0.0342,9.2431],[-0.0214,9.2217],[-0.0392,9.1959],[-0.0541,9.192],[-0.0453,9.1706],[-0.074,9.1692],[-0.0536,9.1475],[-0.0582,9.1221],[-0.102,9.1378],[-0.1168,9.1244],[-0.1442,9.1342],[-0.1699,9.1219],[-0.18,9.1028],[-0.189,9.1129],[-0.2182,9.1085],[-0.2236,9.1212],[-0.2372,9.1179],[-0.282,9.1378],[-0.2943,9.1766],[-0.3081,9.1811],[-0.3243,9.2094],[-0.3908,9.2354],[-0.4263,9.2227],[-0.5071,9.2586],[-0.5195,9.2822],[-0.5437,9.2751],[-0.5623,9.2863],[-0.5511,9.3192],[-0.5356,9.3266],[-0.5251,9.3629],[-0.533,9.3885],[-0.578,9.3969],[-0.5654,9.4329],[-0.5788,9.4658],[-0.5986,9.4774],[-0.6031,9.5179],[-0.6124,9.5277],[-0.5409,9.5196],[-0.5235,9.5305],[-0.5046,9.5038],[-0.4725,9.5185],[-0.46,9.506],[-0.4123,9.5074],[-0.4043,9.5306],[-0.3579,9.5492],[-0.3235,9.5846],[-0.2954,9.5792],[-0.2683,9.5897],[-0.2798,9.6256],[-0.2571,9.6727],[-0.2609,9.7025],[-0.2467,9.7209],[-0.1733,9.7264],[-0.1812,9.754],[-0.1455,9.7443],[-0.111,9.7536],[-0.1179,9.7635],[-0.1122,9.7945],[-0.0539,9.7893],[-0.0407,9.8026],[-0.0261,9.8009],[-0.0251,9.7546]]]]}},{"type":"Feature","id":138,"properties":{"id":138,"name":"Yendi Municipal"},"geometry":{"type":"Polygon","coordinates":[[[0.0338,9.6449],[0.0802,9.6203],[0.082,9.5765],[0.1015,9.5781],[0.1114,9.5655],[0.1347,9.575],[0.1559,9.5531],[0.1423,9.4498],[0.1548,9.4393],[0.199,9.4313],[0.2159,9.4436],[0.2316,9.4361],[0.217,9.4217],[0.2082,9.3819],[0.2121,9.3692],[0.2408,9.3562],[0.2362,9.3455],[0.2597,9.3174],[0.2563,9.2889],[0.2345,9.3022],[0.186,9.3048],[0.1807,9.242],[0.1907,9.2343],[0.2126,9.2384],[0.2197,9.2297],[0.175,9.1907],[0.1249,9.1937],[0.1059,9.2035],[0.0848,9.1988],[0.0725,9.2106],[0.0503,9.211],[0.0332,9.2494],[-0.0309,9.2582],[-0.0379,9.2675],[-0.0294,9.2734],[-0.0509,9.2852],[-0.043,9.3046],[-0.0671,9.3078],[-0.0627,9.3162],[-0.0867,9.3459],[-0.069,9.3759],[-0.0496,9.368],[-0.0387,9.3838],[-0.0454,9.412],[-0.0598,9.4253],[-0.0559,9.4349],[-0.0828,9.4378],[-0.1033,9.4628],[-0.0899,9.4926],[-0.0985,9.4982],[-0.0806,9.5076],[-0.0812,9.5245],[-0.0713,9.5177],[-0.0699,9.547],[-0.0653,9.5558],[-0.0576,9.5469],[-0.0517,9.5636],[-0.0681,9.5751],[-0.0657,9.5889],[-0.0843,9.5964],[-0.089,9.6236],[-0.1224,9.6252],[-0.1714,9.6519],[-0.1744,9.6766],[-0.1529,9.6819],[-0.1357,9.7019],[-0.1027,9.7051],[-0.0566,9.7513],[-0.0257,9.7549],[0.076,9.693],[0.0338,9.6449]]]}},{"type":"Feature","id":139,"properties":{"id":139,"name":"Tolon"},"geometry":{"type":"Polygon","coordinates":[[[-1.2691,9.3307],[-1.2608,9.3314],[-1.2648,9.342],[-1.2546,9.3529],[-1.2431,9.4194],[-1.2813,9.5099],[-1.3734,9.611],[-1.3294,9.6338],[-1.3302,9.6439],[-1.3146,9.6533],[-1.3251,9.6561],[-1.3191,9.6671],[-1.3253,9.698],[-1.3501,9.7297],[-1.3478,9.8055],[-1.3087,9.8011],[-1.3142,9.8163],[-1.3076,9.823],[-1.305,9.8112],[-1.2742,9.8018],[-1.2632,9.8243],[-1.2383,9.8285],[-1.2131,9.7984],[-1.1797,9.7953],[-1.1561,9.7585],[-1.1608,9.7243],[-1.1536,9.7137],[-1.1914,9.6649],[-1.1691,9.669],[-1.1443,9.6557],[-1.1376,9.605],[-1.1099,9.606],[-1.0723,9.5802],[-1.0815,9.5751],[-1.065,9.5463],[-1.0683,9.5164],[-1.047,9.4919],[-1.051,9.4808],[-1.0332,9.4726],[-1.0323,9.4567],[-1.0098,9.4375],[-0.9997,9.4104],[-0.9957,9.4184],[-0.9657,9.4199],[-0.9464,9.4007],[-0.9605,9.3682],[-0.9451,9.3458],[-1.0196,9.3133],[-1.0136,9.3297],[-1.0407,9.3448],[-1.0995,9.3092],[-1.1721,9.3212],[-1.2425,9.2848],[-1.2691,9.3307]]]}},{"type":"Feature","id":140,"properties":{"id":140,"name":"Kumbungu"},"geometry":{"type":"Polygon","coordinates":[[[-1.1601,9.8565],[-1.1822,9.898],[-1.1785,9.9496],[-1.1626,9.9522],[-1.1076,9.9273],[-1.1421,9.98],[-1.1564,9.9773],[-1.227,10.008],[-1.2414,10.0355],[-1.2102,10.0884],[-1.1399,10.1193],[-1.1262,10.1154],[-1.1221,10.1302],[-1.1313,10.1412],[-1.1107,10.1871],[-1.0945,10.1845],[-1.0579,10.1576],[-1.0862,10.1523],[-1.0889,10.1222],[-1.0621,10.1211],[-1.0701,10.1059],[-1.012,10.0929],[-1.0108,10.0783],[-1.0241,10.0745],[-1.0262,10.0601],[-1.0023,10.0104],[-0.9883,10.0022],[-0.9871,9.9851],[-1.0022,9.965],[-0.9921,9.9435],[-0.9795,9.9415],[-1.018,9.9187],[-1.0044,9.8954],[-1.0165,9.8901],[-1.0262,9.8983],[-1.0252,9.8827],[-1.0078,9.8598],[-0.9748,9.8482],[-0.9722,9.8063],[-0.9638,9.798],[-0.9503,9.8025],[-0.939,9.7662],[-0.9441,9.7373],[-0.9572,9.7369],[-0.9806,9.7154],[-0.9638,9.6979],[-0.9748,9.6893],[-0.9889,9.6934],[-1.0012,9.6774],[-0.9642,9.6586],[-0.9305,9.6618],[-0.91,9.6212],[-0.9085,9.5738],[-0.8842,9.5675],[-0.8978,9.5183],[-0.8882,9.5079],[-0.8972,9.4952],[-0.8909,9.485],[-0.9117,9.4757],[-0.9126,9.4667],[-0.9412,9.4585],[-0.9692,9.4176],[-0.9957,9.4184],[-0.9997,9.4104],[-1.0098,9.4375],[-1.0323,9.4567],[-1.0332,9.4726],[-1.051,9.4808],[-1.047,9.4919],[-1.0683,9.5164],[-1.065,9.5463],[-1.0815,9.5751],[-1.0723,9.5802],[-1.1099,9.606],[-1.1376,9.605],[-1.1443,9.6557],[-1.1691,9.669],[-1.1914,9.6649],[-1.1536,9.7137],[-1.1608,9.7243],[-1.1561,9.7585],[-1.1743,9.7898],[-1.1601,9.8565]]]}},{"type":"Feature","id":141,"properties":{"id":141,"name":"West Mamprusi Municipal"},"geometry":{"type":"Polygon","coordinates":[[[-1.0084,10.538],[-0.9654,10.5369],[-0.9592,10.5288],[-0.9109,10.526],[-0.9348,10.4864],[-0.9268,10.4804],[-0.8906,10.5185],[-0.9092,10.5759],[-0.8746,10.5953],[-0.8433,10.5746],[-0.8378,10.6012],[-0.8236,10.6009],[-0.7959,10.6217],[-0.7944,10.6506],[-0.7763,10.652],[-0.7556,10.6403],[-0.7244,10.6516],[-0.7062,10.6205],[-0.7182,10.6056],[-0.6938,10.5889],[-0.6857,10.5676],[-0.7157,10.5294],[-0.7049,10.5236],[-0.6899,10.5425],[-0.6815,10.5266],[-0.6676,10.527],[-0.6621,10.5011],[-0.6705,10.481],[-0.6506,10.4588],[-0.6595,10.417],[-0.6177,10.4218],[-0.6154,10.3954],[-0.5949,10.3732],[-0.5903,10.3482],[-0.512,10.3192],[-0.497,10.2815],[-0.5107,10.2527],[-0.499,10.2374],[-0.5096,10.2367],[-0.514,10.2482],[-0.5219,10.234],[-0.5343,10.2671],[-0.5467,10.248],[-0.5411,10.2257],[-0.5476,10.2105],[-0.5991,10.1602],[-0.6256,10.1655],[-0.6435,10.1901],[-0.6527,10.1807],[-0.6579,10.192],[-0.6667,10.1796],[-0.6945,10.1884],[-0.7188,10.1772],[-0.7116,10.1629],[-0.7326,10.1707],[-0.7334,10.1599],[-0.764,10.1651],[-0.7803,10.1562],[-0.7829,10.1419],[-0.8012,10.1566],[-0.8222,10.1179],[-0.8374,10.1222],[-0.8372,10.132],[-0.8544,10.1281],[-0.8491,10.1149],[-0.8685,10.0957],[-0.8579,10.0854],[-0.8697,10.0761],[-0.8647,10.0557],[-0.8818,10.0597],[-0.8954,10.0195],[-0.9101,10.0235],[-0.9061,10.0129],[-0.9125,10.0095],[-0.9194,10.0131],[-0.9215,10.0002],[-0.9378,10.0115],[-0.9403,9.99],[-0.9623,9.9906],[-0.9704,9.9563],[-0.9826,9.9631],[-0.9809,9.9444],[-0.9921,9.9435],[-1.0022,9.965],[-0.9871,9.9851],[-0.9883,10.0022],[-1.0023,10.0104],[-1.0262,10.0601],[-1.0241,10.0745],[-1.0108,10.0783],[-1.012,10.0929],[-1.0701,10.1059],[-1.0621,10.1211],[-1.0927,10.1271],[-1.0862,10.1523],[-1.0579,10.1576],[-1.0464,10.1861],[-1.0294,10.1838],[-1.0042,10.1988],[-1.0143,10.2144],[-1.0286,10.2059],[-1.0261,10.222],[-1.0094,10.228],[-1.0156,10.2477],[-1.0094,10.2632],[-1.0321,10.2687],[-1.0472,10.2837],[-1.0467,10.297],[-1.0237,10.2977],[-1.0428,10.3105],[-1.0602,10.3091],[-1.0646,10.3273],[-1.087,10.3368],[-1.0821,10.3492],[-1.0555,10.36],[-1.053,10.3738],[-1.0674,10.3799],[-1.0674,10.4073],[-1.0829,10.4358],[-1.0601,10.463],[-1.074,10.4744],[-1.066,10.4973],[-1.0084,10.538]]]}},{"type":"Feature","id":142,"properties":{"id":142,"name":"Mamprugu Moagduri"},"geometry":{"type":"Polygon","coordinates":[[[-1.5864,10.1005],[-1.6007,10.133],[-1.6215,10.1332],[-1.6355,10.1543],[-1.6603,10.1662],[-1.663,10.1874],[-1.5769,10.3467],[-1.5178,10.4058],[-1.4468,10.4604],[-1.4181,10.466],[-1.4023,10.4847],[-1.374,10.4629],[-1.3801,10.456],[-1.3624,10.435],[-1.3728,10.4274],[-1.3667,10.4139],[-1.3849,10.4053],[-1.3817,10.3909],[-1.3504,10.3731],[-1.3482,10.3473],[-1.3249,10.3401],[-1.3264,10.3321],[-1.269,10.3255],[-1.2718,10.3145],[-1.2562,10.3033],[-1.2482,10.2746],[-1.2282,10.2869],[-1.2111,10.3241],[-1.214,10.3443],[-1.2321,10.367],[-1.232,10.387],[-1.1656,10.4126],[-1.1333,10.4582],[-1.0718,10.4904],[-1.0732,10.4719],[-1.0601,10.463],[-1.0642,10.4514],[-1.0826,10.444],[-1.0809,10.4212],[-1.0674,10.4073],[-1.0674,10.3799],[-1.053,10.3738],[-1.0555,10.36],[-1.0821,10.3492],[-1.087,10.3368],[-1.0646,10.3273],[-1.0602,10.3091],[-1.0428,10.3105],[-1.0237,10.2977],[-1.0467,10.297],[-1.0472,10.2837],[-1.0321,10.2687],[-1.0094,10.2632],[-1.0156,10.2477],[-1.0094,10.228],[-1.0286,10.216],[-1.0265,10.2043],[-1.0113,10.2111],[-1.0094,10.1929],[-1.0464,10.1861],[-1.0579,10.1576],[-1.0722,10.1734],[-1.1107,10.1871],[-1.1313,10.1412],[-1.1221,10.1302],[-1.1262,10.1154],[-1.1399,10.1193],[-1.2102,10.0884],[-1.2404,10.0261],[-1.2562,10.0355],[-1.2877,10.0355],[-1.3101,10.066],[-1.355,10.0797],[-1.3696,10.0946],[-1.4119,10.0891],[-1.4368,10.1034],[-1.4674,10.1036],[-1.5463,10.0705],[-1.5574,10.0978],[-1.5877,10.0779],[-1.5864,10.1005]]]}},{"type":"Feature","id":143,"properties":{"id":143,"name":"Zabzugu"},"geometry":{"type":"Polygon","coordinates":[[[0.2574,9.0237],[0.2893,9.0113],[0.3033,9.0374],[0.2847,9.0504],[0.249,9.0407],[0.2042,9.0385],[0.1961,9.0453],[0.1895,9.0618],[0.195,9.0768],[0.2457,9.0635],[0.254,9.0804],[0.2095,9.1242],[0.1797,9.139],[0.1685,9.1575],[0.1716,9.1876],[0.2197,9.2297],[0.2126,9.2384],[0.1907,9.2343],[0.1807,9.242],[0.186,9.3048],[0.2345,9.3022],[0.2563,9.2889],[0.2597,9.3174],[0.2465,9.3417],[0.2771,9.3611],[0.311,9.3556],[0.3493,9.3749],[0.368,9.3744],[0.3634,9.336],[0.3791,9.3281],[0.402,9.3299],[0.4331,9.3528],[0.4642,9.34],[0.4708,9.3119],[0.4084,9.2466],[0.3979,9.1809],[0.4439,9.131],[0.379,9.124],[0.3719,9.1144],[0.3805,9.1041],[0.3693,9.1011],[0.3629,9.0279],[0.3921,9.0334],[0.3985,8.992],[0.4489,8.9737],[0.4272,8.9179],[0.4022,8.8923],[0.401,8.8222],[0.3908,8.8071],[0.3232,8.8662],[0.3203,8.828],[0.2872,8.8461],[0.2678,8.9223],[0.3172,8.9875],[0.2819,9.0063],[0.241,8.9982],[0.2574,9.0237]]]}},{"type":"Feature","id":144,"properties":{"id":144,"name":"Tatale Sanguli"},"geometry":{"type":"Polygon","coordinates":[[[0.2759,9.4274],[0.3315,9.4483],[0.347,9.474],[0.3437,9.4883],[0.3596,9.4992],[0.3895,9.4916],[0.4156,9.5025],[0.446,9.5015],[0.5031,9.4753],[0.504,9.458],[0.4951,9.4519],[0.5006,9.4374],[0.5196,9.4397],[0.5533,9.4238],[0.5666,9.4056],[0.5631,9.3545],[0.5528,9.3457],[0.563,9.3245],[0.5598,9.3057],[0.5397,9.3063],[0.508,9.2546],[0.5189,9.2293],[0.5391,9.2135],[0.503,9.1539],[0.4769,9.1443],[0.4859,9.0987],[0.4594,9.0724],[0.4626,9.0553],[0.4563,9.0551],[0.4555,9.0356],[0.4631,9.0341],[0.4942,8.9573],[0.5147,8.9354],[0.5123,8.9026],[0.5276,8.8778],[0.5197,8.8532],[0.5089,8.8555],[0.4962,8.8401],[0.5003,8.8148],[0.492,8.8015],[0.4694,8.7921],[0.4503,8.8112],[0.4311,8.7983],[0.4412,8.7883],[0.4275,8.7802],[0.4212,8.7913],[0.3818,8.7934],[0.401,8.8222],[0.4022,8.8923],[0.4272,8.9179],[0.4489,8.9737],[0.3985,8.992],[0.3921,9.0334],[0.3775,9.025],[0.3623,9.032],[0.3693,9.1011],[0.3813,9.1059],[0.3751,9.1214],[0.4439,9.131],[0.3979,9.1809],[0.4067,9.243],[0.4681,9.3071],[0.4669,9.3378],[0.4331,9.3528],[0.402,9.3299],[0.3791,9.3281],[0.3634,9.336],[0.368,9.3744],[0.3493,9.3749],[0.311,9.3556],[0.2771,9.3611],[0.2454,9.3387],[0.2362,9.3455],[0.2382,9.3598],[0.2121,9.3692],[0.2082,9.3819],[0.217,9.4217],[0.2316,9.4355],[0.2759,9.4274]]]}},{"type":"Feature","id":145,"properties":{"id":145,"name":"Sene East"},"geometry":{"type":"Polygon","coordinates":[[[-0.0143,7.6261],[0.0771,7.4821],[0.091,7.4293],[0.1986,7.368],[0.2084,7.3509],[0.215,7.31],[0.1823,7.1796],[0.0811,7.1817],[0.0505,7.172],[0.0044,7.194],[-0.0527,7.1964],[-0.0849,7.1792],[-0.1071,7.1951],[-0.2155,7.1996],[-0.2208,7.2128],[-0.2387,7.2023],[-0.2425,7.222],[-0.2566,7.2283],[-0.2618,7.2668],[-0.2888,7.2843],[-0.3244,7.281],[-0.3542,7.2976],[-0.355,7.3087],[-0.3872,7.3179],[-0.4277,7.4054],[-0.4206,7.4522],[-0.3868,7.4915],[-0.3429,7.5048],[-0.3062,7.5287],[-0.3376,7.529],[-0.342,7.5429],[-0.3324,7.648],[-0.393,7.6482],[-0.4065,7.6748],[-0.4028,7.6843],[-0.4232,7.7105],[-0.4214,7.7279],[-0.4354,7.7387],[-0.4108,7.7801],[-0.445,7.7914],[-0.4334,7.8634],[-0.4456,7.885],[-0.4397,7.8991],[-0.4518,7.9196],[-0.4451,7.9555],[-0.4513,7.9628],[-0.4337,7.9862],[-0.4204,7.9889],[-0.4601,8.0711],[-0.4472,8.1585],[-0.3847,8.1528],[-0.3193,8.1304],[-0.2488,8.077],[-0.2406,8.0496],[-0.2147,8.0309],[-0.1732,8.0246],[-0.1529,8.0313],[-0.1415,8.0179],[-0.1442,8.0055],[-0.1738,7.9574],[-0.1411,7.9584],[-0.1349,7.9485],[-0.1454,7.903],[-0.1264,7.7882],[-0.1001,7.7504],[-0.0145,7.7569],[0.0041,7.7424],[0.0025,7.7176],[-0.0152,7.684],[-0.0143,7.6261]]]}},{"type":"Feature","id":146,"properties":{"id":146,"name":"Bibiani-anhwiaso-bekwai Municipal"},"geometry":{"type":"Polygon","coordinates":[[[-2.23,6.1502],[-2.2557,6.136],[-2.2569,6.1199],[-2.2712,6.1223],[-2.2835,6.1022],[-2.3034,6.0965],[-2.3621,6.1005],[-2.3417,6.1265],[-2.3369,6.1671],[-2.3521,6.1863],[-2.3746,6.1953],[-2.3848,6.2251],[-2.3705,6.2252],[-2.3478,6.2551],[-2.4025,6.3095],[-2.3996,6.3417],[-2.3898,6.3343],[-2.3899,6.3465],[-2.3782,6.3493],[-2.3511,6.3951],[-2.344,6.4337],[-2.36,6.4772],[-2.3374,6.4933],[-2.3041,6.4835],[-2.2936,6.4916],[-2.2629,6.4912],[-2.2399,6.4722],[-2.2169,6.3744],[-2.2271,6.32],[-2.2001,6.3545],[-2.1727,6.3649],[-2.1246,6.3368],[-2.1241,6.3012],[-2.0994,6.3093],[-2.0743,6.2945],[-2.0986,6.2399],[-2.1314,6.2589],[-2.1755,6.2143],[-2.2059,6.198],[-2.189,6.1472],[-2.2146,6.1418],[-2.23,6.1502]]]}},{"type":"Feature","id":147,"properties":{"id":147,"name":"Sene West"},"geometry":{"type":"Polygon","coordinates":[[[-0.4601,8.0711],[-0.4204,7.9889],[-0.4337,7.9862],[-0.4513,7.9628],[-0.4451,7.9555],[-0.4518,7.9196],[-0.4397,7.8991],[-0.4456,7.885],[-0.4334,7.8634],[-0.445,7.7914],[-0.4108,7.7801],[-0.4354,7.7387],[-0.4214,7.7279],[-0.4232,7.7105],[-0.4028,7.6843],[-0.4065,7.6748],[-0.393,7.6482],[-0.3324,7.648],[-0.342,7.5429],[-0.3376,7.529],[-0.3062,7.5287],[-0.3429,7.5048],[-0.3868,7.4915],[-0.41,7.47],[-0.4273,7.4343],[-0.4277,7.4054],[-0.3856,7.3117],[-0.5409,7.3545],[-0.5987,7.3486],[-0.6542,7.4307],[-0.65,7.502],[-0.6769,7.529],[-0.6836,7.5249],[-0.6891,7.5414],[-0.7209,7.5198],[-0.7768,7.506],[-0.7622,7.5271],[-0.7871,7.5707],[-0.7789,7.602],[-0.8017,7.6327],[-0.7955,7.6697],[-0.8108,7.7261],[-0.8127,7.7965],[-0.8401,7.8728],[-0.8379,7.9026],[-0.8185,7.9297],[-0.8186,7.9688],[-0.7691,7.9471],[-0.7665,7.9726],[-0.7262,8.0463],[-0.6779,8.0665],[-0.6704,8.0514],[-0.6442,8.0828],[-0.6184,8.0975],[-0.6174,8.1101],[-0.5878,8.1068],[-0.5627,8.1153],[-0.5545,8.1256],[-0.571,8.1463],[-0.5425,8.1876],[-0.4472,8.1585],[-0.4601,8.0711]]]}},{"type":"Feature","id":148,"properties":{"id":148,"name":"Upper Denkyira East Municipal"},"geometry":{"type":"Polygon","coordinates":[[[-1.6148,5.857],[-1.6366,5.8547],[-1.6537,5.8439],[-1.6421,5.8141],[-1.6805,5.8223],[-1.7102,5.8157],[-1.71,5.8038],[-1.7709,5.7216],[-1.7602,5.6992],[-1.7691,5.6857],[-1.8082,5.6809],[-1.7918,5.6956],[-1.7845,5.7297],[-1.8166,5.7248],[-1.801,5.7509],[-1.8507,5.7676],[-1.8288,5.7865],[-1.8447,5.805],[-1.8137,5.8678],[-1.8149,5.8892],[-1.8418,5.9017],[-1.8696,5.8839],[-1.8879,5.8973],[-1.8949,5.9172],[-1.8638,5.9353],[-1.8195,5.9448],[-1.7925,5.9902],[-1.7744,5.9797],[-1.7704,5.9609],[-1.7641,5.9697],[-1.7487,5.9599],[-1.7496,5.9689],[-1.7392,5.9705],[-1.7248,5.9529],[-1.7132,5.9572],[-1.7072,5.9293],[-1.6927,5.9434],[-1.6934,5.9336],[-1.6725,5.9153],[-1.6389,5.9337],[-1.5957,5.9239],[-1.59,5.9349],[-1.581,5.9176],[-1.5719,5.9331],[-1.5607,5.9265],[-1.5971,5.8454],[-1.6148,5.857]]]}},{"type":"Feature","id":149,"properties":{"id":149,"name":"Asutifi North"},"geometry":{"type":"Polygon","coordinates":[[[-2.4937,7.1334],[-2.4476,7.1406],[-2.4005,7.1118],[-2.4385,7.0888],[-2.3725,7.1021],[-2.3501,7.1291],[-2.3265,7.125],[-2.3297,7.1059],[-2.3042,7.103],[-2.2882,7.0903],[-2.2997,7.0763],[-2.3006,7.0524],[-2.3166,7.0497],[-2.3283,6.969],[-2.4339,6.9228],[-2.4765,6.9444],[-2.5115,6.9493],[-2.519,6.9407],[-2.5554,6.9758],[-2.6231,7.0005],[-2.6313,7.028],[-2.6512,7.0131],[-2.6695,7.0197],[-2.6913,7.0071],[-2.7602,7.0259],[-2.7707,7.0217],[-2.7552,7.0758],[-2.729,7.0986],[-2.6992,7.1065],[-2.6827,7.1406],[-2.6514,7.1415],[-2.6072,7.1804],[-2.5812,7.1805],[-2.5806,7.2088],[-2.5559,7.2305],[-2.5168,7.2308],[-2.4923,7.2194],[-2.4937,7.1334]]]}},{"type":"Feature","id":150,"properties":{"id":150,"name":"Ahafo Ano North"},"geometry":{"type":"Polygon","coordinates":[[[-2.0973,7.0072],[-2.0813,7.0276],[-2.049,6.9565],[-2.0751,6.9242],[-2.0875,6.9214],[-2.1031,6.933],[-2.1326,6.8997],[-2.1397,6.8869],[-2.1204,6.8455],[-2.1386,6.8326],[-2.1784,6.8275],[-2.1888,6.8126],[-2.179,6.7919],[-2.2645,6.7781],[-2.258,6.7907],[-2.2661,6.7987],[-2.2972,6.7972],[-2.3053,6.8116],[-2.3197,6.8012],[-2.3346,6.8039],[-2.3451,6.8159],[-2.3337,6.8307],[-2.3453,6.8441],[-2.3759,6.8391],[-2.4009,6.8192],[-2.4178,6.8234],[-2.4086,6.8416],[-2.3983,6.8392],[-2.3966,6.857],[-2.3868,6.8556],[-2.3765,6.8858],[-2.3391,6.9087],[-2.3315,6.9288],[-2.2647,6.9651],[-2.2079,7.0245],[-2.1853,7.0362],[-2.1783,7.0176],[-2.1399,7.0416],[-2.121,7.0021],[-2.0973,7.0072]]]}},{"type":"Feature","id":151,"properties":{"id":151,"name":"Amansie Central"},"geometry":{"type":"Polygon","coordinates":[[[-1.7106,6.2558],[-1.7694,6.2129],[-1.7708,6.2034],[-1.7383,6.2085],[-1.7506,6.1858],[-1.727,6.1685],[-1.7314,6.1575],[-1.711,6.138],[-1.7465,6.1083],[-1.7559,6.114],[-1.7888,6.1059],[-1.8021,6.0884],[-1.8041,6.0292],[-1.8236,6.0299],[-1.8217,6.0392],[-1.8382,6.0358],[-1.8514,6.0141],[-1.8674,6.0094],[-1.8831,6.0337],[-1.892,6.015],[-1.913,6.0111],[-1.9499,6.057],[-1.9525,6.0491],[-1.9607,6.0585],[-1.9681,6.0524],[-1.9781,6.0893],[-1.9491,6.1209],[-1.9504,6.1601],[-1.9409,6.1578],[-1.9214,6.1805],[-1.9024,6.1834],[-1.8834,6.2091],[-1.9106,6.2523],[-1.8879,6.3214],[-1.8352,6.3386],[-1.7948,6.3338],[-1.7923,6.3263],[-1.7798,6.3395],[-1.7889,6.3584],[-1.7812,6.3858],[-1.7707,6.3901],[-1.7431,6.3851],[-1.7267,6.3582],[-1.7027,6.3702],[-1.6758,6.4036],[-1.6547,6.4012],[-1.6474,6.3851],[-1.6332,6.3831],[-1.6211,6.3877],[-1.6177,6.4044],[-1.6004,6.3914],[-1.5856,6.3976],[-1.5743,6.3808],[-1.5759,6.3601],[-1.5867,6.3299],[-1.6093,6.3112],[-1.6336,6.3096],[-1.6404,6.3243],[-1.6471,6.3064],[-1.6614,6.3163],[-1.6693,6.3067],[-1.7072,6.3105],[-1.6979,6.2945],[-1.6815,6.2926],[-1.6821,6.2622],[-1.7106,6.2558]]]}},{"type":"Feature","id":152,"properties":{"id":152,"name":"Amansie West"},"geometry":{"type":"Polygon","coordinates":[[[-1.7901,6.5524],[-1.8035,6.5345],[-1.7866,6.5118],[-1.7699,6.5322],[-1.7439,6.5272],[-1.7399,6.5425],[-1.7221,6.5421],[-1.7093,6.5621],[-1.683,6.5521],[-1.673,6.5712],[-1.6513,6.5459],[-1.6666,6.5483],[-1.696,6.5299],[-1.681,6.5084],[-1.7115,6.4898],[-1.7271,6.4921],[-1.745,6.4733],[-1.7394,6.4473],[-1.758,6.4374],[-1.7564,6.4099],[-1.7812,6.3858],[-1.7889,6.3584],[-1.7808,6.3353],[-1.79,6.3367],[-1.7923,6.3263],[-1.7948,6.3338],[-1.8352,6.3386],[-1.8633,6.3243],[-1.8757,6.3275],[-1.8949,6.3146],[-1.8968,6.2853],[-1.9517,6.3192],[-1.9544,6.5054],[-1.9595,6.5143],[-1.9846,6.519],[-1.9747,6.5243],[-1.9854,6.5286],[-1.9746,6.5326],[-1.9602,6.5701],[-1.9063,6.5917],[-1.8825,6.5896],[-1.8866,6.577],[-1.8753,6.572],[-1.8583,6.5724],[-1.8594,6.5865],[-1.8092,6.5673],[-1.8016,6.574],[-1.7901,6.5524]]]}},{"type":"Feature","id":153,"properties":{"id":153,"name":"Asutifi South"},"geometry":{"type":"Polygon","coordinates":[[[-2.531,6.8325],[-2.5192,6.8442],[-2.5194,6.8617],[-2.5362,6.8954],[-2.5128,6.9337],[-2.5155,6.9487],[-2.4199,6.9239],[-2.3526,6.9649],[-2.3283,6.969],[-2.3216,7.0245],[-2.2807,6.9942],[-2.2568,7.0386],[-2.2331,7.0364],[-2.2269,7.0075],[-2.252,6.9773],[-2.2968,6.9409],[-2.3315,6.9288],[-2.3391,6.9087],[-2.3765,6.8858],[-2.3868,6.8556],[-2.3984,6.8543],[-2.3983,6.8392],[-2.4086,6.8416],[-2.4166,6.8316],[-2.4178,6.8234],[-2.4009,6.8192],[-2.3759,6.8391],[-2.3453,6.8441],[-2.3337,6.8307],[-2.3451,6.8159],[-2.3346,6.8039],[-2.3197,6.8012],[-2.3053,6.8116],[-2.2972,6.7972],[-2.2597,6.7941],[-2.286,6.7069],[-2.2996,6.6922],[-2.3064,6.6871],[-2.3468,6.6993],[-2.3723,6.6716],[-2.4135,6.6582],[-2.4063,6.676],[-2.4177,6.6815],[-2.4093,6.687],[-2.4152,6.692],[-2.4083,6.7091],[-2.4262,6.7221],[-2.4219,6.7329],[-2.4359,6.741],[-2.4363,6.7547],[-2.4921,6.7688],[-2.531,6.8325]]]}},{"type":"Feature","id":154,"properties":{"id":154,"name":"Techiman Municipal"},"geometry":{"type":"Polygon","coordinates":[[[-2.1377,7.5258],[-2.1089,7.5532],[-2.1118,7.5722],[-2.0772,7.6438],[-2.0375,7.6405],[-2.0229,7.6191],[-1.9942,7.6025],[-1.9597,7.608],[-1.9511,7.5957],[-1.9179,7.6335],[-1.8398,7.6294],[-1.7945,7.6054],[-1.7877,7.5844],[-1.7739,7.5774],[-1.8096,7.5722],[-1.7932,7.544],[-1.8123,7.5298],[-1.815,7.507],[-1.842,7.4941],[-1.8573,7.4995],[-1.8483,7.4924],[-1.8516,7.4799],[-1.867,7.4783],[-1.8715,7.4595],[-1.8979,7.4304],[-1.9271,7.4426],[-1.9645,7.4081],[-2.0185,7.4215],[-2.038,7.457],[-2.1097,7.4636],[-2.1139,7.495],[-2.1377,7.5258]]]}},{"type":"Feature","id":155,"properties":{"id":155,"name":"Upper Denkyira West"},"geometry":{"type":"Polygon","coordinates":[[[-2.1755,6.2143],[-2.1314,6.2589],[-2.0999,6.2394],[-2.0743,6.2945],[-2.0452,6.2844],[-2.0095,6.2916],[-2.0234,6.2553],[-2.0215,6.2238],[-2.0404,6.1979],[-2.0226,6.1732],[-2.0259,6.1409],[-2.0143,6.1132],[-1.9904,6.1248],[-1.9815,6.1194],[-1.9881,6.1047],[-1.9755,6.0918],[-1.9681,6.0524],[-1.9607,6.0585],[-1.9525,6.0491],[-1.9499,6.057],[-1.913,6.0111],[-1.892,6.015],[-1.8831,6.0337],[-1.8645,6.0098],[-1.8514,6.0141],[-1.8435,6.0332],[-1.8217,6.0392],[-1.8236,6.0299],[-1.8019,6.0263],[-1.8131,6.0113],[-1.7925,5.9902],[-1.8195,5.9448],[-1.9031,5.9174],[-1.909,5.9372],[-1.9281,5.9426],[-1.9407,5.9582],[-1.9444,5.9835],[-1.9853,6.0165],[-2.0515,6.05],[-2.0476,6.0592],[-2.0587,6.0715],[-2.1403,6.0912],[-2.1624,6.1198],[-2.1817,6.121],[-2.2059,6.198],[-2.1755,6.2143]]]}},{"type":"Feature","id":156,"properties":{"id":156,"name":"Techiman North"},"geometry":{"type":"Polygon","coordinates":[[[-2.048,7.6758],[-2.073,7.7135],[-2.0713,7.7483],[-2.0822,7.765],[-2.0764,7.7786],[-2.0231,7.7803],[-1.9707,7.8059],[-1.9443,7.7992],[-1.9223,7.8063],[-1.9491,7.7836],[-1.9259,7.7739],[-1.9442,7.762],[-1.9317,7.7414],[-1.9048,7.726],[-1.9116,7.7157],[-1.906,7.701],[-1.879,7.7153],[-1.8307,7.688],[-1.8381,7.6551],[-1.8323,7.6271],[-1.9179,7.6335],[-1.9446,7.5955],[-1.9583,7.5966],[-1.9597,7.608],[-1.9886,7.5997],[-2.0229,7.6191],[-2.0375,7.6405],[-2.0772,7.6438],[-2.048,7.6758]]]}},{"type":"Feature","id":157,"properties":{"id":157,"name":"Cape Coast Metropolitan"},"geometry":{"type":"Polygon","coordinates":[[[-1.3576,5.233],[-1.3323,5.2484],[-1.3101,5.2446],[-1.2946,5.2547],[-1.2827,5.2484],[-1.281,5.2213],[-1.3103,5.21],[-1.2866,5.1942],[-1.2822,5.1618],[-1.2451,5.158],[-1.2394,5.1317],[-1.2196,5.1363],[-1.2118,5.1178],[-1.2464,5.1006],[-1.3217,5.0968],[-1.2964,5.1439],[-1.315,5.1503],[-1.3289,5.1775],[-1.3416,5.1723],[-1.3525,5.2118],[-1.3619,5.2157],[-1.3576,5.233]]]}},{"type":"Feature","id":158,"properties":{"id":158,"name":"Komenda-edina-eguafo-abirem Municipal"},"geometry":{"type":"Polygon","coordinates":[[[-1.5815,5.1549],[-1.5251,5.1707],[-1.5228,5.1996],[-1.5099,5.2083],[-1.4463,5.2101],[-1.4474,5.2223],[-1.4286,5.2269],[-1.4158,5.2141],[-1.404,5.2242],[-1.3792,5.2249],[-1.3525,5.2118],[-1.3416,5.1723],[-1.3289,5.1775],[-1.315,5.1503],[-1.2964,5.1439],[-1.3167,5.1008],[-1.3459,5.0897],[-1.3467,5.0821],[-1.5802,5.0331],[-1.5815,5.1549]]]}},{"type":"Feature","id":159,"properties":{"id":159,"name":"Banda"},"geometry":{"type":"Polygon","coordinates":[[[-2.1357,8.0808],[-2.1153,8.0542],[-2.1301,8.0507],[-2.113,8.0405],[-2.135,8.0287],[-2.1459,7.9999],[-2.1754,7.964],[-2.2085,7.9529],[-2.3221,7.9894],[-2.3405,7.976],[-2.3711,8.006],[-2.4351,8.0195],[-2.435,7.9756],[-2.4797,7.9185],[-2.5359,7.9778],[-2.5426,7.9971],[-2.528,8.01],[-2.516,8.0542],[-2.537,8.1158],[-2.5287,8.1505],[-2.5554,8.1469],[-2.5448,8.1757],[-2.4949,8.2052],[-2.5014,8.3074],[-2.5901,8.7871],[-2.543,8.7615],[-2.5356,8.7393],[-2.5007,8.7199],[-2.4646,8.6522],[-2.4173,8.6119],[-2.4102,8.567],[-2.367,8.5399],[-2.3579,8.5207],[-2.3693,8.4855],[-2.3371,8.4543],[-2.3253,8.4174],[-2.2994,8.3848],[-2.305,8.3548],[-2.2856,8.3193],[-2.2885,8.2969],[-2.2525,8.2768],[-2.2397,8.2812],[-2.2297,8.2634],[-2.2118,8.2549],[-2.2051,8.2318],[-2.1683,8.212],[-2.1621,8.1736],[-2.1216,8.1497],[-2.1164,8.0995],[-2.1357,8.0808]]]}},{"type":"Feature","id":160,"properties":{"id":160,"name":"Sefwi-wiawso"},"geometry":{"type":"Polygon","coordinates":[[[-2.6763,6.2485],[-2.6869,6.263],[-2.6646,6.2737],[-2.6435,6.2702],[-2.6342,6.3119],[-2.6241,6.3121],[-2.6777,6.3872],[-2.7113,6.3849],[-2.7258,6.4231],[-2.7161,6.4587],[-2.7296,6.4561],[-2.7439,6.4843],[-2.6849,6.4935],[-2.6634,6.5251],[-2.6459,6.53],[-2.6061,6.5196],[-2.5852,6.4897],[-2.5274,6.462],[-2.5589,6.4297],[-2.5469,6.4005],[-2.5039,6.4152],[-2.477,6.4027],[-2.4686,6.3805],[-2.4274,6.3483],[-2.3975,6.3516],[-2.4025,6.3095],[-2.3478,6.2551],[-2.3705,6.2252],[-2.3823,6.2281],[-2.3845,6.2159],[-2.3732,6.2069],[-2.3746,6.1953],[-2.3521,6.1863],[-2.3369,6.1671],[-2.3417,6.1265],[-2.3704,6.0976],[-2.3709,6.0844],[-2.412,6.0879],[-2.4334,6.1158],[-2.4464,6.1166],[-2.4451,6.1549],[-2.5117,6.1497],[-2.5122,6.1716],[-2.5308,6.177],[-2.5161,6.1877],[-2.5443,6.1979],[-2.5672,6.1926],[-2.5821,6.2103],[-2.5659,6.2334],[-2.5915,6.2509],[-2.6499,6.2227],[-2.6649,6.2227],[-2.6812,6.2397],[-2.6763,6.2485]]]}},{"type":"Feature","id":161,"properties":{"id":161,"name":"Jaman North"},"geometry":{"type":"Polygon","coordinates":[[[-2.668,7.6726],[-2.6768,7.6924],[-2.7033,7.6964],[-2.7626,7.7661],[-2.7621,7.789],[-2.806,7.8081],[-2.8251,7.8244],[-2.8329,7.8486],[-2.8086,7.9656],[-2.7931,7.9837],[-2.6314,8.0532],[-2.6299,8.1151],[-2.6085,8.1519],[-2.5597,8.1434],[-2.5287,8.1505],[-2.537,8.1158],[-2.516,8.0542],[-2.528,8.01],[-2.5585,7.9585],[-2.579,7.9553],[-2.5804,7.9215],[-2.6086,7.9129],[-2.5831,7.8585],[-2.5709,7.7955],[-2.5727,7.7729],[-2.5875,7.7628],[-2.5761,7.7517],[-2.5876,7.7346],[-2.5774,7.7237],[-2.5918,7.7026],[-2.5881,7.6802],[-2.668,7.6726]]]}},{"type":"Feature","id":162,"properties":{"id":162,"name":"Asunafo South"},"geometry":{"type":"Polygon","coordinates":[[[-2.8091,6.6442],[-2.7893,6.6411],[-2.7877,6.6497],[-2.7363,6.6443],[-2.7029,6.6655],[-2.7028,6.6782],[-2.6526,6.7211],[-2.6322,6.7098],[-2.6241,6.6906],[-2.5715,6.6713],[-2.5834,6.6599],[-2.5996,6.6657],[-2.6158,6.6559],[-2.5331,6.6026],[-2.5,6.6488],[-2.5158,6.7322],[-2.5034,6.7521],[-2.5068,6.7637],[-2.4418,6.7599],[-2.4359,6.741],[-2.4219,6.7329],[-2.4262,6.7221],[-2.4083,6.7091],[-2.4152,6.692],[-2.4093,6.687],[-2.4177,6.6815],[-2.4063,6.676],[-2.4176,6.6569],[-2.3953,6.6482],[-2.4029,6.6349],[-2.3923,6.6243],[-2.3947,6.612],[-2.3711,6.5948],[-2.3856,6.568],[-2.3748,6.539],[-2.3973,6.5213],[-2.3972,6.503],[-2.4038,6.5081],[-2.414,6.49],[-2.4237,6.4924],[-2.4215,6.4732],[-2.4424,6.4576],[-2.4461,6.4431],[-2.4387,6.4392],[-2.4514,6.4311],[-2.4207,6.4046],[-2.4283,6.3585],[-2.4348,6.3548],[-2.4686,6.3805],[-2.477,6.4027],[-2.5039,6.4152],[-2.5469,6.4005],[-2.5589,6.4297],[-2.5274,6.462],[-2.5852,6.4897],[-2.6196,6.5252],[-2.6564,6.5294],[-2.6727,6.5098],[-2.6811,6.572],[-2.7273,6.5888],[-2.7798,6.5758],[-2.7888,6.6014],[-2.832,6.6304],[-2.8091,6.6442]]]}},{"type":"Feature","id":163,"properties":{"id":163,"name":"Tain"},"geometry":{"type":"Polygon","coordinates":[[[-2.1381,7.9778],[-2.1374,7.9548],[-2.1459,7.9348],[-2.1576,7.9362],[-2.1643,7.9143],[-2.1362,7.8695],[-2.1528,7.869],[-2.1468,7.8439],[-2.1573,7.8433],[-2.1502,7.8368],[-2.1661,7.8349],[-2.1665,7.8155],[-2.1959,7.7968],[-2.1949,7.7611],[-2.2115,7.7557],[-2.1963,7.7447],[-2.2198,7.7103],[-2.2161,7.6913],[-2.2024,7.683],[-2.2239,7.6396],[-2.2149,7.6193],[-2.2196,7.6089],[-2.2637,7.606],[-2.2729,7.5855],[-2.336,7.5802],[-2.3846,7.5629],[-2.3923,7.5738],[-2.4279,7.5736],[-2.4636,7.6009],[-2.4867,7.5933],[-2.5154,7.6215],[-2.531,7.6228],[-2.5423,7.6589],[-2.5881,7.6802],[-2.5918,7.7026],[-2.5774,7.7237],[-2.5876,7.7346],[-2.5761,7.7517],[-2.5875,7.7628],[-2.5727,7.7729],[-2.5709,7.7955],[-2.5831,7.8585],[-2.6086,7.9129],[-2.5804,7.9215],[-2.579,7.9553],[-2.5585,7.9585],[-2.5502,7.9822],[-2.5367,7.982],[-2.4797,7.9185],[-2.435,7.9756],[-2.4351,8.0195],[-2.3711,8.006],[-2.3405,7.976],[-2.3221,7.9894],[-2.3001,7.987],[-2.2085,7.9529],[-2.1754,7.964],[-2.1499,7.9952],[-2.1381,7.9778]]]}},{"type":"Feature","id":164,"properties":{"id":164,"name":"Nkoranza South"},"geometry":{"type":"Polygon","coordinates":[[[-1.7106,7.595],[-1.6559,7.5917],[-1.6187,7.5685],[-1.6129,7.5737],[-1.5504,7.558],[-1.5301,7.5674],[-1.5052,7.5578],[-1.4813,7.5668],[-1.4702,7.5849],[-1.4534,7.5857],[-1.4464,7.5763],[-1.4248,7.5818],[-1.4724,7.4966],[-1.5202,7.45],[-1.5096,7.4291],[-1.5155,7.3909],[-1.5766,7.4028],[-1.6542,7.3135],[-1.6787,7.3248],[-1.711,7.3243],[-1.7285,7.3118],[-1.7615,7.322],[-1.7793,7.3509],[-1.8072,7.3485],[-1.8399,7.4251],[-1.836,7.471],[-1.8564,7.4612],[-1.8634,7.4677],[-1.8483,7.4924],[-1.8573,7.4995],[-1.842,7.4941],[-1.815,7.507],[-1.8123,7.5298],[-1.7932,7.544],[-1.8096,7.5722],[-1.7359,7.5753],[-1.7106,7.595]]]}},{"type":"Feature","id":165,"properties":{"id":165,"name":"Sekyere Kumawu"},"geometry":{"type":"Polygon","coordinates":[[[-1.4156,6.9102],[-1.3932,6.9258],[-1.3834,6.9519],[-1.3624,6.9554],[-1.3508,6.9766],[-1.3339,6.9731],[-1.299,6.9853],[-1.2547,6.9664],[-1.2202,7.0038],[-1.1779,7.0085],[-1.1386,7.0415],[-1.1222,7.0174],[-1.1839,6.9633],[-1.2042,6.9638],[-1.2149,6.9486],[-1.1473,6.9644],[-1.0493,6.9419],[-1.0662,6.9024],[-1.0863,6.8989],[-1.0957,6.8866],[-1.0887,6.8754],[-1.1058,6.8433],[-1.1012,6.8139],[-1.1165,6.7802],[-1.1647,6.7832],[-1.169,6.7908],[-1.1468,6.7981],[-1.1489,6.8084],[-1.1718,6.7962],[-1.2385,6.8359],[-1.2842,6.8239],[-1.3334,6.8648],[-1.3464,6.86],[-1.3588,6.8705],[-1.3875,6.8705],[-1.3905,6.8873],[-1.4131,6.8988],[-1.4156,6.9102]]]}},{"type":"Feature","id":166,"properties":{"id":166,"name":"Bole"},"geometry":{"type":"Polygon","coordinates":[[[-2.6833,9.1915],[-2.6702,9.1969],[-2.6448,9.1854],[-2.6193,9.1935],[-2.6074,9.1875],[-2.4822,9.2097],[-2.452,9.2359],[-2.4063,9.2366],[-2.4036,9.1733],[-2.3654,9.1368],[-2.3502,9.1548],[-2.332,9.145],[-2.2634,9.1564],[-2.1754,9.1022],[-2.1653,9.0772],[-2.1371,9.0643],[-2.1178,9.035],[-2.0342,9.0168],[-2.0467,8.997],[-2.0576,9.0025],[-2.0798,8.991],[-2.105,8.9962],[-2.127,8.9863],[-2.1563,8.9884],[-2.258,8.9539],[-2.229,8.9217],[-2.1828,8.8959],[-2.1712,8.8744],[-2.1463,8.8613],[-2.1441,8.8404],[-2.1288,8.828],[-2.12,8.8331],[-2.1082,8.8203],[-2.0457,8.8269],[-2.0154,8.8127],[-2.008,8.7685],[-1.995,8.7526],[-1.9724,8.7555],[-1.9643,8.743],[-1.9077,8.7449],[-1.8779,8.7178],[-1.857,8.6516],[-1.8718,8.6347],[-1.8968,8.5528],[-1.8831,8.4802],[-1.9098,8.4385],[-1.9081,8.3976],[-1.8709,8.334],[-1.8456,8.3293],[-1.8029,8.3394],[-1.7699,8.3227],[-1.7466,8.2705],[-1.7728,8.2315],[-1.7997,8.2262],[-1.8371,8.2505],[-1.8951,8.2616],[-1.9594,8.1704],[-2.0429,8.1477],[-2.1173,8.1571],[-2.1277,8.1476],[-2.1621,8.1736],[-2.1683,8.212],[-2.2051,8.2318],[-2.2118,8.2549],[-2.2297,8.2634],[-2.2397,8.2812],[-2.2525,8.2768],[-2.2885,8.2969],[-2.2856,8.3193],[-2.305,8.3548],[-2.2994,8.3848],[-2.3253,8.4174],[-2.3371,8.4543],[-2.3693,8.4855],[-2.3579,8.5207],[-2.367,8.5399],[-2.4102,8.567],[-2.4173,8.6119],[-2.4646,8.6522],[-2.5007,8.7199],[-2.5356,8.7393],[-2.543,8.7615],[-2.5846,8.786],[-2.629,8.7945],[-2.5963,8.8307],[-2.6229,8.8779],[-2.6182,8.9221],[-2.6513,8.944],[-2.6541,9.0074],[-2.6722,9.0202],[-2.7057,9.0209],[-2.72,9.0121],[-2.7166,9.0253],[-2.7605,9.0256],[-2.7825,9.054],[-2.7656,9.0879],[-2.7791,9.1373],[-2.7369,9.1595],[-2.725,9.1989],[-2.7116,9.2102],[-2.6833,9.1915]]]}},{"type":"Feature","id":167,"properties":{"id":167,"name":"Sekyere Afram Plains North"},"geometry":{"type":"Polygon","coordinates":[[[-1.1899,7.0317],[-1.1559,7.0523],[-1.1816,7.0707],[-1.1715,7.0864],[-1.1388,7.0936],[-1.1063,7.0867],[-1.0902,7.1216],[-1.0553,7.1324],[-0.9896,7.1403],[-0.9416,7.132],[-0.9635,7.1613],[-0.9624,7.1771],[-0.9457,7.1938],[-0.9435,7.2469],[-0.9081,7.2966],[-0.9146,7.4047],[-0.9628,7.4148],[-0.9784,7.4036],[-1.0046,7.4024],[-1.064,7.4156],[-1.0724,7.4271],[-1.0646,7.4588],[-1.0684,7.5016],[-1.0247,7.534],[-1.0023,7.5282],[-0.9835,7.5347],[-0.9721,7.5196],[-0.9532,7.5235],[-0.9252,7.5037],[-0.8932,7.5042],[-0.8899,7.5165],[-0.8671,7.5207],[-0.8283,7.5122],[-0.8204,7.4995],[-0.8088,7.511],[-0.8077,7.5025],[-0.785,7.4977],[-0.7011,7.5287],[-0.6891,7.5414],[-0.6836,7.5249],[-0.6769,7.529],[-0.65,7.502],[-0.6542,7.4307],[-0.5987,7.3486],[-0.5409,7.3545],[-0.3942,7.3111],[-0.355,7.3087],[-0.3542,7.2976],[-0.3299,7.2909],[-0.3256,7.2816],[-0.2888,7.2843],[-0.2618,7.2668],[-0.2566,7.2283],[-0.2425,7.222],[-0.2387,7.2023],[-0.2505,7.1923],[-0.2872,7.1947],[-0.2881,7.1841],[-0.3064,7.1782],[-0.3003,7.172],[-0.3218,7.1441],[-0.3878,7.1179],[-0.5612,7.1375],[-0.6096,7.1536],[-0.6354,7.1739],[-0.591,7.0444],[-0.5647,7.0186],[-0.5741,6.9633],[-0.5853,6.9509],[-0.6575,6.9472],[-0.6523,6.9295],[-0.7228,6.9523],[-0.742,6.9489],[-0.7572,6.9254],[-0.7618,6.8837],[-0.7757,6.8834],[-0.7903,6.8981],[-0.7934,6.8836],[-0.8097,6.8867],[-0.8075,6.9054],[-0.8224,6.9018],[-0.8416,6.9769],[-0.935,7.034],[-1.0019,7.0333],[-1.0112,7.0133],[-1.0703,6.9761],[-1.0673,6.9474],[-1.1473,6.9644],[-1.2149,6.9486],[-1.2042,6.9638],[-1.1839,6.9633],[-1.1222,7.0174],[-1.1386,7.0415],[-1.1743,7.0102],[-1.1906,7.0088],[-1.1899,7.0317]]]}},{"type":"Feature","id":168,"properties":{"id":168,"name":"Asante Akim North"},"geometry":{"type":"Polygon","coordinates":[[[-1.0204,6.6438],[-0.9965,6.6958],[-1.0272,6.7242],[-1.0536,6.7087],[-1.0564,6.7204],[-1.1018,6.7189],[-1.1233,6.6729],[-1.1332,6.6687],[-1.1445,6.6752],[-1.1349,6.6843],[-1.1414,6.6998],[-1.1702,6.6962],[-1.24,6.7221],[-1.2374,6.7462],[-1.2527,6.7594],[-1.2587,6.8203],[-1.2683,6.8311],[-1.2385,6.8359],[-1.1718,6.7962],[-1.1489,6.8084],[-1.1468,6.7981],[-1.169,6.7908],[-1.1672,6.7844],[-1.1165,6.7802],[-1.1012,6.8139],[-1.1058,6.8433],[-1.0887,6.8754],[-1.0957,6.8866],[-1.0863,6.8989],[-1.0662,6.9024],[-1.0495,6.9379],[-1.0673,6.9474],[-1.0703,6.9761],[-1.0112,7.0133],[-1.0019,7.0333],[-0.9609,7.0379],[-0.9263,7.0314],[-0.8607,6.9835],[-0.8497,6.9853],[-0.8366,6.9673],[-0.8224,6.9018],[-0.8075,6.9054],[-0.8097,6.8867],[-0.7934,6.8836],[-0.7903,6.8981],[-0.7757,6.8834],[-0.7618,6.8837],[-0.7557,6.9156],[-0.7557,6.8522],[-0.7928,6.7898],[-0.8337,6.7934],[-0.8516,6.7779],[-0.9012,6.7883],[-0.9325,6.7562],[-0.9826,6.7484],[-0.9742,6.7374],[-0.9566,6.7396],[-0.9469,6.7248],[-0.9504,6.7074],[-0.9739,6.6811],[-0.9725,6.6456],[-1.0204,6.6438]]]}},{"type":"Feature","id":169,"properties":{"id":169,"name":"Asante Akim Central Municipal"},"geometry":{"type":"Polygon","coordinates":[[[-1.1331,6.6532],[-1.1753,6.6312],[-1.1611,6.6123],[-1.1824,6.6019],[-1.1649,6.5889],[-1.2042,6.5855],[-1.2194,6.5706],[-1.217,6.5363],[-1.227,6.5239],[-1.2048,6.4834],[-1.2351,6.4414],[-1.2753,6.4327],[-1.2979,6.4071],[-1.3033,6.4245],[-1.2935,6.4507],[-1.2853,6.4509],[-1.2902,6.4779],[-1.2789,6.5012],[-1.2863,6.5032],[-1.2817,6.5212],[-1.2985,6.5538],[-1.2659,6.5791],[-1.2866,6.633],[-1.2658,6.6517],[-1.2595,6.6796],[-1.245,6.6887],[-1.24,6.7221],[-1.1702,6.6962],[-1.1414,6.6998],[-1.1349,6.6843],[-1.1445,6.6752],[-1.1332,6.6687],[-1.1331,6.6532]]]}},{"type":"Feature","id":170,"properties":{"id":170,"name":"Kintampo North Municipal"},"geometry":{"type":"Polygon","coordinates":[[[-1.535,8.0154],[-1.5472,7.9989],[-1.574,8.0309],[-1.6357,8.0322],[-1.662,8.048],[-1.6715,8.0398],[-1.7018,8.0505],[-1.7156,8.05],[-1.7243,8.0375],[-1.7422,8.0465],[-1.7463,8.0597],[-1.8254,8.0772],[-1.8543,8.0495],[-1.9078,8.0533],[-1.9137,8.0638],[-1.9262,8.0595],[-1.9684,8.1086],[-1.9871,8.1047],[-2.0309,8.1527],[-1.9594,8.1704],[-1.8951,8.2616],[-1.8371,8.2505],[-1.7997,8.2262],[-1.7728,8.2315],[-1.7474,8.2621],[-1.7699,8.3227],[-1.8029,8.3394],[-1.8456,8.3293],[-1.8709,8.334],[-1.9081,8.3976],[-1.9098,8.4385],[-1.8831,8.4802],[-1.8968,8.5528],[-1.8682,8.6413],[-1.8409,8.6612],[-1.8132,8.6615],[-1.7334,8.6264],[-1.6932,8.6438],[-1.6793,8.6839],[-1.6584,8.6954],[-1.6119,8.677],[-1.5315,8.681],[-1.5108,8.6917],[-1.4993,8.7384],[-1.4846,8.7597],[-1.4103,8.7743],[-1.356,8.7591],[-1.2296,8.6747],[-1.2095,8.6679],[-1.1859,8.6782],[-1.1445,8.6774],[-1.1505,8.6333],[-1.1415,8.5765],[-1.1548,8.5425],[-1.1721,8.5353],[-1.165,8.5116],[-1.1737,8.5076],[-1.1793,8.5178],[-1.1959,8.5115],[-1.1946,8.494],[-1.2183,8.4912],[-1.2214,8.4774],[-1.2585,8.4548],[-1.263,8.4345],[-1.2537,8.424],[-1.26,8.4074],[-1.2527,8.3792],[-1.2777,8.3234],[-1.2745,8.2896],[-1.2981,8.2768],[-1.3301,8.2332],[-1.3708,8.2327],[-1.4041,8.2074],[-1.3998,8.1795],[-1.4158,8.1591],[-1.4165,8.1254],[-1.4392,8.0825],[-1.4347,8.0429],[-1.486,8.0306],[-1.4922,8.0057],[-1.535,8.0154]]]}},{"type":"Feature","id":171,"properties":{"id":171,"name":"Asokore Mampong Municipal"},"geometry":{"type":"Polygon","coordinates":[[[-1.5615,6.7257],[-1.5392,6.7233],[-1.5336,6.703],[-1.5556,6.706],[-1.5658,6.6911],[-1.5746,6.7],[-1.5931,6.6901],[-1.6162,6.6988],[-1.5891,6.7282],[-1.5668,6.7346],[-1.5615,6.7257]]]}},{"type":"Feature","id":172,"properties":{"id":172,"name":"Atebubu Amantin"},"geometry":{"type":"Polygon","coordinates":[[[-1.2792,7.6186],[-1.3358,7.66],[-1.3927,7.6393],[-1.4008,7.6449],[-1.4119,7.6344],[-1.3677,7.7023],[-1.3825,7.7317],[-1.3817,7.7607],[-1.354,7.7789],[-1.3846,7.7949],[-1.3747,7.7999],[-1.3223,7.7871],[-1.3244,7.7935],[-1.3139,7.7848],[-1.252,7.7995],[-1.241,7.8364],[-1.1931,7.8503],[-1.2003,7.8711],[-1.1869,7.8703],[-1.1785,7.887],[-1.1941,7.8989],[-1.1321,7.9162],[-1.1186,7.9002],[-1.1021,7.9069],[-1.1012,7.9331],[-1.1119,7.934],[-1.118,7.9476],[-1.0902,7.9617],[-1.0815,7.9833],[-1.0578,7.9815],[-1.0526,7.9652],[-1.0357,7.9916],[-1.0217,7.9912],[-1.0046,7.975],[-1.0045,7.9628],[-0.9594,7.9506],[-0.9194,7.9274],[-0.8591,7.939],[-0.8531,7.9527],[-0.8431,7.9464],[-0.8216,7.9652],[-0.8185,7.9297],[-0.8379,7.9026],[-0.8401,7.8728],[-0.8127,7.7965],[-0.8108,7.7261],[-0.7955,7.6697],[-0.8017,7.6327],[-0.7789,7.602],[-0.7871,7.5707],[-0.7622,7.5271],[-0.7833,7.4983],[-0.8077,7.5025],[-0.8088,7.511],[-0.8204,7.4995],[-0.8283,7.5122],[-0.8671,7.5207],[-0.8899,7.5165],[-0.8932,7.5042],[-0.9252,7.5037],[-0.9532,7.5235],[-0.9721,7.5196],[-0.9835,7.5347],[-1.0023,7.5282],[-1.0148,7.5348],[-1.0408,7.5275],[-1.1048,7.4648],[-1.126,7.477],[-1.1555,7.469],[-1.1571,7.4797],[-1.1813,7.4814],[-1.2029,7.4954],[-1.2394,7.4893],[-1.2904,7.5351],[-1.2995,7.5712],[-1.3136,7.5806],[-1.3172,7.6106],[-1.3097,7.6184],[-1.2792,7.6186]]]}},{"type":"Feature","id":173,"properties":{"id":173,"name":"Kwadaso Municipal"},"geometry":{"type":"Polygon","coordinates":[[[-1.6357,6.6186],[-1.6695,6.6683],[-1.692,6.6535],[-1.698,6.667],[-1.708,6.6677],[-1.6872,6.7235],[-1.6432,6.7029],[-1.6459,6.6839],[-1.6337,6.669],[-1.6112,6.6649],[-1.5986,6.6137],[-1.6357,6.6186]]]}},{"type":"Feature","id":174,"properties":{"id":174,"name":"Kpandai"},"geometry":{"type":"Polygon","coordinates":[[[-0.1886,8.5402],[-0.1623,8.5591],[-0.1564,8.5447],[-0.121,8.5476],[-0.1186,8.5396],[-0.0547,8.5542],[-0.0076,8.5474],[0.0038,8.5337],[0.0828,8.5258],[0.0939,8.5017],[0.1208,8.4854],[0.0816,8.4608],[0.0929,8.4275],[0.0865,8.4032],[0.1248,8.3828],[0.2075,8.4101],[0.2443,8.3865],[0.2353,8.3438],[0.2035,8.3413],[0.1858,8.3264],[0.198,8.2915],[0.1939,8.2533],[0.1232,8.2324],[0.1299,8.2146],[0.1167,8.2177],[0.1152,8.2291],[0.0795,8.2225],[0.1044,8.239],[0.0806,8.28],[0.0106,8.2976],[-0.0026,8.3205],[-0.0367,8.3332],[-0.0482,8.3522],[-0.0643,8.3512],[-0.0677,8.3398],[-0.0874,8.3324],[-0.1103,8.3359],[-0.1242,8.273],[-0.1427,8.2721],[-0.1841,8.3378],[-0.1871,8.358],[-0.1961,8.3477],[-0.2102,8.3506],[-0.2179,8.3385],[-0.2632,8.3358],[-0.2783,8.3197],[-0.308,8.3206],[-0.3265,8.339],[-0.3066,8.3581],[-0.253,8.3517],[-0.2188,8.4555],[-0.2335,8.4574],[-0.2428,8.4727],[-0.2129,8.468],[-0.2101,8.4868],[-0.1951,8.4833],[-0.2082,8.4946],[-0.1994,8.522],[-0.2062,8.5387],[-0.1975,8.5469],[-0.1886,8.5402]]]}},{"type":"Feature","id":175,"properties":{"id":175,"name":"Ejisu Municipal"},"geometry":{"type":"Polygon","coordinates":[[[-1.5254,6.7567],[-1.493,6.7544],[-1.4935,6.775],[-1.4745,6.795],[-1.4194,6.7578],[-1.4176,6.7429],[-1.3792,6.7169],[-1.3745,6.6992],[-1.3296,6.6787],[-1.324,6.6629],[-1.2865,6.6518],[-1.2796,6.6373],[-1.286,6.6226],[-1.2659,6.5791],[-1.2985,6.5538],[-1.2817,6.5212],[-1.2863,6.5032],[-1.2789,6.5012],[-1.2902,6.4779],[-1.2853,6.4509],[-1.2935,6.4507],[-1.2962,6.4332],[-1.329,6.4601],[-1.3703,6.4746],[-1.3413,6.4894],[-1.3441,6.5131],[-1.3149,6.5242],[-1.3104,6.5386],[-1.3097,6.556],[-1.3424,6.5871],[-1.3455,6.6195],[-1.4058,6.6407],[-1.4231,6.6091],[-1.4426,6.6182],[-1.4683,6.6066],[-1.4873,6.6157],[-1.5161,6.6438],[-1.5047,6.6641],[-1.5277,6.6952],[-1.522,6.7067],[-1.5556,6.728],[-1.5254,6.7567]]]}},{"type":"Feature","id":176,"properties":{"id":176,"name":"Nkwanta North"},"geometry":{"type":"Polygon","coordinates":[[[0.112,8.5968],[0.1281,8.605],[0.148,8.5885],[0.1709,8.596],[0.1699,8.6158],[0.1469,8.6296],[0.1359,8.6535],[0.1389,8.6692],[0.1813,8.7128],[0.1654,8.7561],[0.1684,8.7745],[0.1856,8.7408],[0.2143,8.755],[0.2316,8.7534],[0.244,8.7408],[0.2587,8.7469],[0.2818,8.724],[0.2979,8.7425],[0.3007,8.7262],[0.3146,8.7345],[0.3582,8.7186],[0.3463,8.7409],[0.3835,8.7406],[0.4717,8.5997],[0.4223,8.5829],[0.4022,8.5606],[0.3707,8.5507],[0.3665,8.5361],[0.358,8.5351],[0.3629,8.5259],[0.3159,8.5066],[0.3248,8.4895],[0.3015,8.4806],[0.3062,8.4609],[0.2945,8.4576],[0.2975,8.4487],[0.2885,8.4501],[0.281,8.43],[0.3007,8.4179],[0.2862,8.4156],[0.2774,8.3938],[0.2907,8.3897],[0.2845,8.373],[0.2906,8.3656],[0.2779,8.3633],[0.2911,8.3492],[0.2822,8.3283],[0.2275,8.3422],[0.2428,8.3541],[0.2443,8.3865],[0.223,8.4071],[0.2075,8.4101],[0.1248,8.3828],[0.0865,8.4032],[0.0929,8.4275],[0.0816,8.4608],[0.1208,8.4854],[0.0939,8.5017],[0.0828,8.5258],[0.112,8.5968]]]}},{"type":"Feature","id":177,"properties":{"id":177,"name":"Biakoye"},"geometry":{"type":"Polygon","coordinates":[[[0.4198,7.5305],[0.3901,7.5091],[0.3877,7.4651],[0.3713,7.4332],[0.3457,7.4223],[0.347,7.396],[0.3253,7.3701],[0.3546,7.3584],[0.3833,7.3699],[0.4088,7.3563],[0.4444,7.3617],[0.4429,7.3766],[0.4709,7.4061],[0.4664,7.3282],[0.4794,7.2923],[0.4486,7.2977],[0.4484,7.2771],[0.4353,7.2846],[0.4155,7.2661],[0.3916,7.2266],[0.3712,7.1542],[0.3575,7.1316],[0.3386,7.1306],[0.3285,7.0892],[0.2245,7.0994],[0.2427,7.127],[0.2352,7.1671],[0.1823,7.1797],[0.215,7.31],[0.2084,7.3509],[0.1789,7.381],[0.1241,7.4064],[0.1346,7.4159],[0.1703,7.4157],[0.1826,7.4322],[0.2436,7.4671],[0.2576,7.4656],[0.3029,7.4877],[0.3004,7.5061],[0.3065,7.5045],[0.312,7.5257],[0.3039,7.5398],[0.315,7.5356],[0.3271,7.5466],[0.3222,7.5666],[0.3303,7.5737],[0.32,7.5892],[0.3367,7.5968],[0.3287,7.6065],[0.345,7.6296],[0.3523,7.6674],[0.3778,7.6916],[0.3777,7.6852],[0.4021,7.6948],[0.4218,7.6884],[0.4198,7.5305]]]}},{"type":"Feature","id":178,"properties":{"id":178,"name":"Wassa Amenfi East"},"geometry":{"type":"Polygon","coordinates":[[[-2.1645,5.6573],[-2.1424,5.6766],[-2.1494,5.7068],[-2.1356,5.7261],[-2.135,5.7499],[-2.1551,5.7598],[-2.1713,5.7936],[-2.1486,5.8083],[-2.1673,5.8341],[-2.1596,5.8641],[-2.1694,5.8841],[-2.1601,5.9054],[-2.1658,5.936],[-2.1579,5.9599],[-2.1906,6.0091],[-2.1993,6.0452],[-2.1934,6.0735],[-2.2146,6.1179],[-2.2146,6.1418],[-2.189,6.1472],[-2.1817,6.121],[-2.1624,6.1198],[-2.1403,6.0912],[-2.0587,6.0715],[-2.0476,6.0592],[-2.0515,6.05],[-1.9922,6.0216],[-1.9444,5.9835],[-1.9407,5.9582],[-1.9281,5.9426],[-1.909,5.9372],[-1.8797,5.8894],[-1.8591,5.8861],[-1.8418,5.9017],[-1.8186,5.8932],[-1.8137,5.8678],[-1.8447,5.805],[-1.8288,5.7865],[-1.8507,5.7676],[-1.801,5.7509],[-1.8166,5.7248],[-1.7865,5.7326],[-1.7838,5.7255],[-1.7918,5.6956],[-1.8099,5.6777],[-1.8212,5.6725],[-1.8387,5.6939],[-1.8562,5.6917],[-1.8931,5.6647],[-1.9056,5.6711],[-1.9243,5.6624],[-1.9423,5.6488],[-1.9472,5.6312],[-1.9664,5.6241],[-2.0156,5.6368],[-2.0247,5.6217],[-2.0412,5.6344],[-2.0616,5.6061],[-2.0718,5.619],[-2.0834,5.6204],[-2.0933,5.6086],[-2.1015,5.6168],[-2.162,5.622],[-2.1645,5.6573]]]}},{"type":"Feature","id":179,"properties":{"id":179,"name":"Central Gonja"},"geometry":{"type":"Polygon","coordinates":[[[-1.9768,9.0413],[-1.974,9.0508],[-1.9523,9.0465],[-1.9409,9.0536],[-1.9161,9.0416],[-1.8798,9.0498],[-1.8418,9.0345],[-1.8321,9.0091],[-1.857,8.9682],[-1.8565,8.8795],[-1.7005,8.8544],[-1.6931,8.8941],[-1.6612,8.9189],[-1.6082,8.9196],[-1.5628,8.9498],[-1.5866,8.9946],[-1.5654,9.009],[-1.5514,9.0392],[-1.5167,9.0581],[-1.4753,9.1059],[-1.4286,9.1132],[-1.4034,9.1301],[-1.3742,9.129],[-1.3787,9.1482],[-1.365,9.1686],[-1.3191,9.1556],[-1.2791,9.1849],[-1.2528,9.1874],[-1.2366,9.2286],[-1.2371,9.2634],[-1.2532,9.273],[-1.2278,9.2962],[-1.1721,9.3212],[-1.0995,9.3092],[-1.0407,9.3448],[-1.0136,9.3297],[-1.0196,9.3133],[-0.9765,9.3366],[-0.9626,9.3343],[-0.9598,9.3036],[-0.9362,9.2963],[-0.9352,9.283],[-0.9032,9.2743],[-0.8693,9.2237],[-0.8381,9.2191],[-0.8552,9.1932],[-0.8399,9.1836],[-0.8404,9.1452],[-0.8242,9.1549],[-0.7796,9.1572],[-0.7594,9.1337],[-0.7369,9.1257],[-0.7409,9.1074],[-0.722,9.0839],[-0.7294,9.0626],[-0.7154,9.0217],[-0.7275,9.0093],[-0.722,8.9953],[-0.683,9.0233],[-0.6218,9.0124],[-0.6002,8.9593],[-0.6707,8.9221],[-0.6454,8.8851],[-0.639,8.8174],[-0.6992,8.7247],[-0.6966,8.6976],[-0.7458,8.631],[-0.7401,8.6191],[-0.7475,8.6013],[-0.7737,8.624],[-0.8291,8.5431],[-0.8587,8.537],[-0.8768,8.5441],[-0.9409,8.6476],[-0.9832,8.6598],[-1.0295,8.6948],[-1.0755,8.7022],[-1.1255,8.6785],[-1.1859,8.6782],[-1.2095,8.6679],[-1.2646,8.6916],[-1.288,8.7203],[-1.3093,8.7218],[-1.356,8.7591],[-1.4103,8.7743],[-1.4846,8.7597],[-1.4993,8.7384],[-1.5108,8.6917],[-1.5315,8.681],[-1.6119,8.677],[-1.6584,8.6954],[-1.6793,8.6839],[-1.6932,8.6438],[-1.7334,8.6264],[-1.8132,8.6615],[-1.857,8.6516],[-1.8758,8.7139],[-1.8961,8.7371],[-1.9181,8.7466],[-1.9643,8.743],[-1.9724,8.7555],[-1.995,8.7526],[-2.008,8.7685],[-2.0154,8.8127],[-2.0457,8.8269],[-2.1082,8.8203],[-2.12,8.8331],[-2.1288,8.828],[-2.1441,8.8404],[-2.1463,8.8613],[-2.1712,8.8744],[-2.1828,8.8959],[-2.229,8.9217],[-2.258,8.9539],[-2.1563,8.9884],[-2.127,8.9863],[-2.105,8.9962],[-2.0798,8.991],[-2.0576,9.0025],[-2.0467,8.997],[-2.0097,9.0432],[-1.9768,9.0413]]]}},{"type":"Feature","id":180,"properties":{"id":180,"name":"Tema West Municipal"},"geometry":{"type":"Polygon","coordinates":[[[-0.0646,5.6651],[-0.0779,5.6747],[-0.0791,5.6896],[-0.067,5.6965],[-0.055,5.6973],[-0.0419,5.6758],[-0.0324,5.6795],[-0.0453,5.6109],[-0.0729,5.6143],[-0.0747,5.6245],[-0.1175,5.6451],[-0.0646,5.6651]]]}},{"type":"Feature","id":181,"properties":{"id":181,"name":"Ashaiman Municipal"},"geometry":{"type":"Polygon","coordinates":[[[-0.0508,5.7039],[-0.0568,5.7102],[-0.0503,5.7222],[-0.0138,5.719],[-0.0159,5.6855],[-0.0419,5.6758],[-0.0593,5.7004],[-0.0508,5.7039]]]}},{"type":"Feature","id":182,"properties":{"id":182,"name":"Pru East"},"geometry":{"type":"Polygon","coordinates":[[[-0.571,8.1463],[-0.5545,8.1256],[-0.5627,8.1153],[-0.5878,8.1068],[-0.6174,8.1101],[-0.6184,8.0975],[-0.6442,8.0828],[-0.6704,8.0514],[-0.6779,8.0665],[-0.7262,8.0463],[-0.7665,7.9726],[-0.7691,7.9471],[-0.8186,7.9688],[-0.8431,7.9464],[-0.8531,7.9527],[-0.8591,7.939],[-0.9194,7.9274],[-0.9594,7.9506],[-1.0045,7.9628],[-1.0046,7.975],[-1.0217,7.9912],[-1.0357,7.9916],[-1.0526,7.9652],[-1.0541,8.0073],[-1.0658,8.0234],[-1.0459,8.0302],[-1.0298,8.017],[-1.0163,8.0185],[-1.0337,8.0547],[-1.0481,8.0625],[-1.0433,8.0939],[-1.0687,8.1292],[-1.0405,8.166],[-1.0397,8.2431],[-1.0219,8.2608],[-1.0102,8.2479],[-0.9899,8.2456],[-0.979,8.2272],[-0.9591,8.2511],[-0.9048,8.2551],[-0.862,8.2724],[-0.8526,8.3156],[-0.8578,8.3285],[-0.8014,8.3396],[-0.7408,8.3355],[-0.6395,8.2695],[-0.5425,8.1876],[-0.571,8.1463]]]}},{"type":"Feature","id":183,"properties":{"id":183,"name":"Kpone Katamanso"},"geometry":{"type":"Polygon","coordinates":[[[-0.1153,5.6942],[-0.1245,5.7101],[-0.1179,5.7763],[-0.1286,5.7948],[-0.1249,5.8197],[-0.1505,5.8099],[-0.1509,5.8383],[-0.1647,5.8394],[-0.1439,5.8549],[-0.1299,5.8528],[-0.1222,5.8802],[-0.0757,5.8466],[-0.0606,5.8453],[-0.0714,5.8211],[-0.0614,5.7992],[-0.0012,5.7413],[0.0404,5.7319],[0.0733,5.7105],[0.0325,5.6564],[0.0229,5.6723],[0.0038,5.6643],[-0.0082,5.6862],[-0.0159,5.6855],[-0.0138,5.719],[-0.0503,5.7222],[-0.0568,5.7102],[-0.0508,5.7039],[-0.0788,5.69],[-0.0779,5.6747],[-0.1153,5.6942]]]}},{"type":"Feature","id":184,"properties":{"id":184,"name":"Savelugu"},"geometry":{"type":"Polygon","coordinates":[[[-0.91,9.6212],[-0.9305,9.6618],[-0.9642,9.6586],[-1.0012,9.6774],[-0.9889,9.6934],[-0.9748,9.6893],[-0.9638,9.6979],[-0.9806,9.7154],[-0.9572,9.7369],[-0.9441,9.7373],[-0.939,9.7662],[-0.9503,9.8025],[-0.9638,9.798],[-0.9722,9.8063],[-0.9748,9.8482],[-1.0078,9.8598],[-1.0262,9.8983],[-1.0165,9.8901],[-1.0044,9.8954],[-1.018,9.9187],[-0.9813,9.9386],[-0.9848,9.9607],[-0.9704,9.9563],[-0.9623,9.9906],[-0.9403,9.99],[-0.9378,10.0115],[-0.9215,10.0002],[-0.9194,10.0131],[-0.9061,10.0129],[-0.9101,10.0235],[-0.8954,10.0195],[-0.8818,10.0597],[-0.8647,10.0557],[-0.8697,10.0761],[-0.8579,10.0854],[-0.8685,10.0957],[-0.8491,10.1149],[-0.8544,10.1281],[-0.8372,10.132],[-0.8374,10.1222],[-0.8222,10.1179],[-0.8012,10.1566],[-0.7829,10.1419],[-0.7803,10.1562],[-0.764,10.1651],[-0.7334,10.1599],[-0.7326,10.1707],[-0.7116,10.1629],[-0.7142,10.1828],[-0.7082,10.1772],[-0.6829,10.1897],[-0.6814,10.1809],[-0.6667,10.1796],[-0.6631,10.1422],[-0.6484,10.1219],[-0.6531,10.1066],[-0.6761,10.0961],[-0.6889,10.0739],[-0.6782,10.0328],[-0.7062,10.0409],[-0.7091,10.0027],[-0.7204,10.0027],[-0.7339,9.9767],[-0.7488,9.9714],[-0.7669,9.9412],[-0.7686,9.9141],[-0.7901,9.9037],[-0.7974,9.8846],[-0.8177,9.877],[-0.7387,9.8538],[-0.7505,9.8377],[-0.7476,9.8181],[-0.6919,9.8192],[-0.6836,9.7935],[-0.7042,9.7679],[-0.689,9.7037],[-0.7174,9.6848],[-0.7293,9.6532],[-0.7804,9.6251],[-0.7881,9.5865],[-0.8113,9.5642],[-0.8148,9.5447],[-0.9085,9.5738],[-0.91,9.6212]]]}},{"type":"Feature","id":185,"properties":{"id":185,"name":"Tamale Metropolitan"},"geometry":{"type":"Polygon","coordinates":[[[-0.578,9.3969],[-0.533,9.3885],[-0.5251,9.3629],[-0.5356,9.3266],[-0.5511,9.3192],[-0.5623,9.2863],[-0.5944,9.3287],[-0.627,9.307],[-0.6351,9.3188],[-0.6542,9.3152],[-0.6841,9.3255],[-0.689,9.3101],[-0.7145,9.3262],[-0.7143,9.2959],[-0.694,9.2782],[-0.7644,9.296],[-0.8059,9.3189],[-0.8328,9.2973],[-0.8597,9.3064],[-0.8797,9.2999],[-0.8851,9.3104],[-0.9264,9.2963],[-0.9608,9.3062],[-0.9626,9.3343],[-0.9451,9.3458],[-0.9605,9.3682],[-0.9494,9.4044],[-0.8739,9.4035],[-0.8763,9.4093],[-0.8424,9.4273],[-0.8339,9.4072],[-0.7805,9.4364],[-0.7792,9.4751],[-0.7547,9.4865],[-0.7149,9.4614],[-0.6723,9.4787],[-0.5757,9.4152],[-0.578,9.3969]]]}},{"type":"Feature","id":186,"properties":{"id":186,"name":"Sagnerigu"},"geometry":{"type":"Polygon","coordinates":[[[-0.9657,9.4199],[-0.9456,9.4541],[-0.8903,9.4866],[-0.8972,9.4952],[-0.8882,9.5079],[-0.8978,9.5183],[-0.8842,9.5675],[-0.8148,9.5447],[-0.8275,9.5255],[-0.8124,9.5147],[-0.8208,9.4783],[-0.7904,9.4821],[-0.7792,9.4751],[-0.7805,9.4364],[-0.8339,9.4072],[-0.8424,9.4273],[-0.8763,9.4093],[-0.8739,9.4035],[-0.9494,9.4044],[-0.9657,9.4199]]]}},{"type":"Feature","id":187,"properties":{"id":187,"name":"Karaga"},"geometry":{"type":"Polygon","coordinates":[[[-0.5235,9.5305],[-0.5409,9.5196],[-0.6124,9.5277],[-0.612,9.5531],[-0.5923,9.5836],[-0.6322,9.6192],[-0.6247,9.6395],[-0.6406,9.6496],[-0.6596,9.6932],[-0.6804,9.6919],[-0.6962,9.7205],[-0.692,9.7372],[-0.704,9.7733],[-0.6836,9.7935],[-0.6919,9.8192],[-0.7476,9.8181],[-0.7505,9.8377],[-0.7387,9.8538],[-0.8177,9.877],[-0.7974,9.8846],[-0.7901,9.9037],[-0.7686,9.9141],[-0.7669,9.9412],[-0.7488,9.9714],[-0.7339,9.9767],[-0.7204,10.0027],[-0.7091,10.0027],[-0.7062,10.0409],[-0.6782,10.0328],[-0.6889,10.0739],[-0.6761,10.0961],[-0.6531,10.1066],[-0.6484,10.1219],[-0.6631,10.1422],[-0.6627,10.1859],[-0.6541,10.1928],[-0.6527,10.1807],[-0.6435,10.1901],[-0.6256,10.1655],[-0.5991,10.1602],[-0.5476,10.2105],[-0.5411,10.2257],[-0.5467,10.248],[-0.5343,10.2671],[-0.5219,10.234],[-0.514,10.2482],[-0.5096,10.2367],[-0.499,10.2374],[-0.5107,10.2527],[-0.4977,10.2714],[-0.5061,10.3126],[-0.4943,10.326],[-0.484,10.3275],[-0.4553,10.3017],[-0.3859,10.2979],[-0.3595,10.2617],[-0.3546,10.2739],[-0.3157,10.2908],[-0.2955,10.2914],[-0.2694,10.2762],[-0.2383,10.2878],[-0.203,10.2658],[-0.152,10.2947],[-0.1311,10.292],[-0.1281,10.2638],[-0.1142,10.2415],[-0.1397,10.2276],[-0.138,10.209],[-0.1837,10.1633],[-0.1603,10.1396],[-0.1506,10.141],[-0.1361,10.0861],[-0.1744,10.0707],[-0.2079,10.1062],[-0.2494,10.1181],[-0.233,10.0806],[-0.2678,10.0581],[-0.302,10.0522],[-0.29,10.0406],[-0.2892,10.0027],[-0.2723,9.981],[-0.2809,9.9549],[-0.3128,9.9336],[-0.3021,9.9201],[-0.2998,9.8831],[-0.4044,9.814],[-0.4659,9.8255],[-0.4798,9.8232],[-0.4952,9.8023],[-0.4915,9.7835],[-0.4581,9.7769],[-0.4839,9.7221],[-0.4729,9.6934],[-0.4769,9.6655],[-0.5022,9.6266],[-0.4856,9.5948],[-0.5084,9.565],[-0.4986,9.5214],[-0.5069,9.5096],[-0.5235,9.5305]]]}},{"type":"Feature","id":188,"properties":{"id":188,"name":"North East Gonja"},"geometry":{"type":"Polygon","coordinates":[[[-0.213,9.0789],[-0.204,9.0628],[-0.2184,9.0328],[-0.2088,9.0272],[-0.2124,9.012],[-0.1955,8.9752],[-0.2005,8.9475],[-0.222,8.9358],[-0.2365,8.9401],[-0.2375,8.9203],[-0.2486,8.9174],[-0.2439,8.9086],[-0.281,8.9013],[-0.291,8.8855],[-0.302,8.8857],[-0.2997,8.8608],[-0.344,8.8625],[-0.3429,8.8464],[-0.3227,8.8341],[-0.3211,8.8193],[-0.2994,8.8193],[-0.2953,8.8107],[-0.3065,8.7956],[-0.3145,8.7507],[-0.3294,8.7421],[-0.3397,8.7559],[-0.3537,8.7544],[-0.3728,8.7432],[-0.3688,8.7225],[-0.3838,8.724],[-0.3874,8.7088],[-0.4057,8.7071],[-0.4076,8.7155],[-0.4124,8.7081],[-0.4122,8.7339],[-0.4316,8.7284],[-0.4307,8.7165],[-0.4481,8.7295],[-0.4577,8.7214],[-0.4724,8.7344],[-0.4875,8.7237],[-0.4902,8.7043],[-0.4851,8.6825],[-0.4699,8.6718],[-0.4537,8.6756],[-0.4471,8.6624],[-0.4327,8.6588],[-0.4348,8.6442],[-0.4178,8.646],[-0.4111,8.599],[-0.4024,8.6044],[-0.3963,8.593],[-0.383,8.5923],[-0.3734,8.598],[-0.3715,8.587],[-0.3582,8.5994],[-0.3637,8.5815],[-0.3436,8.5685],[-0.3498,8.56],[-0.3355,8.5306],[-0.3184,8.5357],[-0.3122,8.5275],[-0.3104,8.539],[-0.3044,8.5349],[-0.2777,8.5575],[-0.2696,8.5421],[-0.239,8.5592],[-0.2347,8.5721],[-0.2227,8.5705],[-0.2152,8.5531],[-0.1987,8.5539],[-0.2082,8.4946],[-0.1951,8.4833],[-0.2101,8.4868],[-0.2129,8.468],[-0.2428,8.4727],[-0.2335,8.4574],[-0.2188,8.4555],[-0.253,8.3517],[-0.3066,8.3581],[-0.3265,8.339],[-0.308,8.3206],[-0.2783,8.3197],[-0.2632,8.3358],[-0.2179,8.3385],[-0.2102,8.3506],[-0.1961,8.3477],[-0.1871,8.358],[-0.1841,8.3378],[-0.1427,8.2721],[-0.1696,8.2532],[-0.1686,8.2314],[-0.1885,8.2317],[-0.1986,8.2193],[-0.2243,8.2128],[-0.2594,8.2163],[-0.2807,8.2455],[-0.3193,8.2268],[-0.3695,8.2309],[-0.3875,8.2241],[-0.3849,8.195],[-0.3486,8.2017],[-0.3586,8.1857],[-0.3541,8.1662],[-0.3847,8.1528],[-0.4472,8.1585],[-0.5425,8.1876],[-0.6395,8.2695],[-0.7408,8.3355],[-0.7798,8.3355],[-0.8502,8.4419],[-0.8768,8.5441],[-0.8587,8.537],[-0.8291,8.5431],[-0.7737,8.624],[-0.7572,8.6028],[-0.7422,8.6101],[-0.7458,8.631],[-0.6966,8.6976],[-0.6992,8.7247],[-0.639,8.8174],[-0.6454,8.8851],[-0.6707,8.9221],[-0.6028,8.9557],[-0.6088,8.9935],[-0.6218,9.0124],[-0.683,9.0233],[-0.722,8.9953],[-0.7275,9.0093],[-0.7154,9.0217],[-0.7294,9.0626],[-0.722,9.0839],[-0.7409,9.1074],[-0.7369,9.1257],[-0.7594,9.1337],[-0.7796,9.1572],[-0.8242,9.1549],[-0.8404,9.1452],[-0.8399,9.1836],[-0.8552,9.1932],[-0.8381,9.2191],[-0.8744,9.2274],[-0.894,9.2645],[-0.9352,9.283],[-0.9362,9.2963],[-0.8851,9.3104],[-0.8797,9.2999],[-0.8597,9.3064],[-0.8328,9.2973],[-0.8059,9.3189],[-0.7644,9.296],[-0.694,9.2782],[-0.6973,9.285],[-0.7143,9.2959],[-0.7145,9.3262],[-0.689,9.3101],[-0.6841,9.3255],[-0.6542,9.3152],[-0.6351,9.3188],[-0.627,9.307],[-0.5944,9.3287],[-0.5663,9.2882],[-0.5437,9.2751],[-0.5195,9.2822],[-0.5071,9.2586],[-0.4896,9.2495],[-0.4263,9.2227],[-0.3908,9.2354],[-0.3243,9.2094],[-0.3081,9.1811],[-0.2943,9.1766],[-0.282,9.1378],[-0.2026,9.1089],[-0.213,9.0789]]]}},{"type":"Feature","id":189,"properties":{"id":189,"name":"South Dayi"},"geometry":{"type":"Polygon","coordinates":[[[0.2095,6.4012],[0.178,6.4242],[0.1892,6.4753],[0.1789,6.4867],[0.1778,6.5115],[0.1997,6.5485],[0.1946,6.5639],[0.1518,6.5778],[0.1044,6.5669],[0.1232,6.666],[0.1615,6.6832],[0.2534,6.6624],[0.3014,6.672],[0.3297,6.6898],[0.3477,6.6857],[0.353,6.6792],[0.3397,6.6374],[0.3118,6.6066],[0.2732,6.59],[0.2876,6.5742],[0.284,6.5413],[0.2207,6.4969],[0.1984,6.4558],[0.2081,6.4474],[0.2007,6.4396],[0.2095,6.4012]]]}},{"type":"Feature","id":190,"properties":{"id":190,"name":"Tempane"},"geometry":{"type":"Polygon","coordinates":[[[-0.0929,10.7662],[-0.096,10.7877],[-0.1218,10.8046],[-0.143,10.8661],[-0.1594,10.8684],[-0.1665,10.9069],[-0.1801,10.921],[-0.1426,10.9678],[-0.1556,10.976],[-0.1562,10.9917],[-0.1344,10.9915],[-0.089,11.0085],[-0.0831,11.0194],[-0.05,11.0266],[-0.0437,11.0198],[-0.0385,11.0272],[-0.0359,11.0157],[-0.0162,11.0074],[0.0011,11.033],[0.0261,11.0355],[0.0328,10.9877],[0.0248,10.9725],[-0.0061,10.9626],[-0.0076,10.9146],[-0.0299,10.8559],[-0.0222,10.8197],[-0.0718,10.7676],[-0.0929,10.7662]]]}},{"type":"Feature","id":191,"properties":{"id":191,"name":"Bolga  East"},"geometry":{"type":"Polygon","coordinates":[[[-0.8574,10.7655],[-0.8275,10.8044],[-0.8131,10.8115],[-0.807,10.8285],[-0.7485,10.8625],[-0.7395,10.836],[-0.7514,10.8264],[-0.7603,10.8302],[-0.7622,10.805],[-0.7714,10.8002],[-0.7648,10.7961],[-0.7791,10.7738],[-0.8182,10.7493],[-0.8486,10.7425],[-0.8574,10.7655]]]}},{"type":"Feature","id":192,"properties":{"id":192,"name":"Yunyoo-nasuan"},"geometry":{"type":"Polygon","coordinates":[[[-0.0068,10.3305],[-0.0093,10.3491],[-0.0564,10.3634],[-0.0988,10.34],[-0.1803,10.3743],[-0.1858,10.4084],[-0.2124,10.4363],[-0.2191,10.5252],[-0.1676,10.5378],[0.0139,10.4876],[0.0334,10.4636],[0.0405,10.406],[0.0695,10.3831],[0.0484,10.3398],[-0.0068,10.3305]]]}},{"type":"Feature","id":193,"properties":{"id":193,"name":"Nanton"},"geometry":{"type":"Polygon","coordinates":[[[-0.6031,9.5179],[-0.5986,9.4774],[-0.5788,9.4658],[-0.5654,9.4329],[-0.5647,9.4216],[-0.5757,9.4152],[-0.6723,9.4787],[-0.7149,9.4614],[-0.7514,9.4873],[-0.762,9.4773],[-0.7904,9.4821],[-0.817,9.4746],[-0.8124,9.5147],[-0.8275,9.5255],[-0.8113,9.5642],[-0.7881,9.5865],[-0.7804,9.6251],[-0.7293,9.6532],[-0.7174,9.6848],[-0.689,9.7037],[-0.6753,9.6888],[-0.6596,9.6932],[-0.6406,9.6496],[-0.6247,9.6395],[-0.6322,9.6192],[-0.5923,9.5836],[-0.612,9.5531],[-0.6124,9.5277],[-0.6031,9.5179]]]}},{"type":"Feature","id":194,"properties":{"id":194,"name":"Assin Fosu"},"geometry":{"type":"Polygon","coordinates":[[[-1.4604,5.7472],[-1.4277,5.7506],[-1.3933,5.7884],[-1.3445,5.7695],[-1.2804,5.7943],[-1.2396,5.7853],[-1.2293,5.7671],[-1.1948,5.747],[-1.1652,5.7112],[-1.1727,5.6737],[-1.167,5.6599],[-1.1702,5.6506],[-1.1876,5.6526],[-1.1851,5.6731],[-1.2069,5.6974],[-1.228,5.6772],[-1.2477,5.6821],[-1.2677,5.6653],[-1.2926,5.6742],[-1.3035,5.6947],[-1.3737,5.693],[-1.392,5.7189],[-1.4232,5.703],[-1.4604,5.7472]]]}},{"type":"Feature","id":195,"properties":{"id":195,"name":"Gomoa Central"},"geometry":{"type":"Polygon","coordinates":[[[-0.7484,5.3079],[-0.7821,5.3427],[-0.7643,5.3782],[-0.7761,5.4042],[-0.7632,5.4343],[-0.7565,5.4115],[-0.7212,5.3825],[-0.6862,5.396],[-0.6792,5.3899],[-0.6729,5.3567],[-0.6399,5.3278],[-0.7245,5.3],[-0.7269,5.2852],[-0.7497,5.2711],[-0.7484,5.3079]]]}},{"type":"Feature","id":196,"properties":{"id":196,"name":"Pru West"},"geometry":{"type":"Polygon","coordinates":[[[-1.4318,7.7988],[-1.4436,7.8111],[-1.4746,7.8052],[-1.4854,7.8379],[-1.5044,7.8456],[-1.5171,7.881],[-1.4989,7.9239],[-1.5063,7.9719],[-1.4919,7.9893],[-1.486,8.0306],[-1.4347,8.0429],[-1.4392,8.0825],[-1.4165,8.1254],[-1.4158,8.1591],[-1.3998,8.1795],[-1.4041,8.2074],[-1.3708,8.2327],[-1.3301,8.2332],[-1.2981,8.2768],[-1.2745,8.2896],[-1.2665,8.2573],[-1.2371,8.2237],[-1.1565,8.0886],[-1.166,8.0603],[-1.1579,7.9993],[-1.107,7.9924],[-1.0671,8.0239],[-1.0541,8.0073],[-1.0526,7.9652],[-1.0578,7.9815],[-1.0815,7.9833],[-1.0902,7.9617],[-1.118,7.9476],[-1.1119,7.934],[-1.1012,7.9331],[-1.1044,7.9046],[-1.1186,7.9002],[-1.1321,7.9162],[-1.1941,7.8989],[-1.1785,7.887],[-1.1869,7.8703],[-1.2003,7.8711],[-1.1931,7.8503],[-1.241,7.8364],[-1.252,7.7995],[-1.3139,7.7848],[-1.4037,7.8102],[-1.4318,7.7988]]]}},{"type":"Feature","id":197,"properties":{"id":197,"name":"Berekum West"},"geometry":{"type":"Polygon","coordinates":[[[-2.6209,7.334],[-2.6666,7.3713],[-2.6962,7.3802],[-2.7316,7.4272],[-2.7444,7.4242],[-2.7801,7.4707],[-2.7879,7.4598],[-2.7967,7.462],[-2.7952,7.4827],[-2.7671,7.5009],[-2.781,7.5475],[-2.718,7.5399],[-2.7316,7.5692],[-2.6945,7.5624],[-2.6858,7.609],[-2.6663,7.6423],[-2.633,7.5825],[-2.6508,7.5167],[-2.6445,7.4905],[-2.5965,7.4398],[-2.5802,7.3757],[-2.5445,7.3295],[-2.5363,7.3024],[-2.6209,7.334]]]}},{"type":"Feature","id":198,"properties":{"id":198,"name":"Ahafo Ano South West"},"geometry":{"type":"Polygon","coordinates":[[[-2.0383,7.0402],[-1.995,7.0792],[-1.967,7.0899],[-1.9536,7.0852],[-1.973,6.9118],[-1.9875,6.8893],[-1.9871,6.8667],[-2.0261,6.8355],[-2.0228,6.7814],[-2.0402,6.7711],[-2.1184,6.7917],[-2.1406,6.7872],[-2.1782,6.7617],[-2.1972,6.7225],[-2.214,6.7123],[-2.2376,6.7199],[-2.2505,6.6995],[-2.2644,6.7103],[-2.2865,6.6985],[-2.2931,6.7042],[-2.267,6.7779],[-2.179,6.7919],[-2.1888,6.8126],[-2.1784,6.8275],[-2.1386,6.8326],[-2.1204,6.8455],[-2.1397,6.8869],[-2.1326,6.8997],[-2.1031,6.933],[-2.0875,6.9214],[-2.0751,6.9242],[-2.0667,6.9422],[-2.0538,6.9456],[-2.0485,6.9596],[-2.0813,7.0276],[-2.0383,7.0402]]]}},{"type":"Feature","id":199,"properties":{"id":199,"name":"Amansie South"},"geometry":{"type":"Polygon","coordinates":[[[-2.1603,6.3722],[-2.1595,6.391],[-2.1444,6.3909],[-2.1404,6.4143],[-2.097,6.411],[-2.0449,6.3887],[-2.0458,6.4276],[-2.0194,6.4371],[-2.0334,6.4427],[-2.0063,6.4646],[-1.9995,6.5],[-2.0103,6.5237],[-2.0075,6.5265],[-1.9938,6.5143],[-1.9595,6.5143],[-1.952,6.4789],[-1.9517,6.3192],[-1.8968,6.2853],[-1.9106,6.2523],[-1.8834,6.2091],[-1.9024,6.1834],[-1.9214,6.1805],[-1.9409,6.1578],[-1.9504,6.1601],[-1.9491,6.1209],[-1.9681,6.0928],[-1.986,6.0992],[-1.9864,6.1143],[-1.979,6.1161],[-1.9904,6.1248],[-2.0143,6.1132],[-2.0259,6.1409],[-2.0226,6.1732],[-2.0404,6.1979],[-2.0215,6.2238],[-2.0234,6.2553],[-2.0095,6.2916],[-2.0452,6.2844],[-2.0994,6.3093],[-2.1241,6.3012],[-2.1246,6.3368],[-2.1727,6.3649],[-2.1603,6.3722]]]}},{"type":"Feature","id":200,"properties":{"id":200,"name":"Atwima Nwabiagya North"},"geometry":{"type":"Polygon","coordinates":[[[-1.7008,6.861],[-1.6952,6.8565],[-1.685,6.8555],[-1.6935,6.8478],[-1.6747,6.8313],[-1.6884,6.8121],[-1.6698,6.81],[-1.6623,6.7802],[-1.6753,6.7845],[-1.6765,6.7669],[-1.751,6.7976],[-1.7887,6.7978],[-1.7794,6.8263],[-1.7914,6.8298],[-1.8041,6.8795],[-1.788,6.9273],[-1.828,6.9683],[-1.8248,6.9921],[-1.7949,6.9699],[-1.7742,6.9717],[-1.7426,6.9374],[-1.7207,6.9371],[-1.7135,6.8912],[-1.69,6.8836],[-1.6883,6.8679],[-1.7008,6.861]]]}},{"type":"Feature","id":201,"properties":{"id":201,"name":"Adansi Akrofuom"},"geometry":{"type":"Polygon","coordinates":[[[-1.6746,6.1361],[-1.6612,6.1192],[-1.6543,6.128],[-1.604,6.1187],[-1.5776,6.1465],[-1.5571,6.1082],[-1.5436,6.1064],[-1.5556,6.0835],[-1.5526,6.0583],[-1.5375,6.0461],[-1.5385,6.0314],[-1.5512,6.0212],[-1.5423,5.9839],[-1.5523,5.9515],[-1.5396,5.9311],[-1.5586,5.9238],[-1.5719,5.9331],[-1.581,5.9176],[-1.59,5.9349],[-1.5957,5.9239],[-1.6389,5.9337],[-1.6725,5.9153],[-1.6934,5.9336],[-1.6927,5.9434],[-1.7072,5.9293],[-1.7132,5.9572],[-1.7248,5.9529],[-1.7392,5.9705],[-1.7496,5.9689],[-1.7487,5.9599],[-1.7641,5.9697],[-1.7704,5.9609],[-1.7744,5.9797],[-1.7979,5.9997],[-1.8029,5.9928],[-1.8131,6.0113],[-1.8019,6.0263],[-1.8092,6.0399],[-1.7972,6.0764],[-1.8021,6.0884],[-1.7848,6.1105],[-1.7465,6.1083],[-1.7105,6.1411],[-1.6746,6.1361]]]}},{"type":"Feature","id":202,"properties":{"id":202,"name":"Adansi North"},"geometry":{"type":"Polygon","coordinates":[[[-1.6835,6.2643],[-1.6815,6.2926],[-1.6979,6.2945],[-1.7072,6.3105],[-1.6693,6.3067],[-1.6614,6.3163],[-1.6471,6.3064],[-1.6404,6.3243],[-1.6336,6.3096],[-1.6147,6.3097],[-1.5867,6.3299],[-1.5753,6.3659],[-1.5699,6.3481],[-1.5404,6.3429],[-1.5189,6.3485],[-1.5125,6.376],[-1.4863,6.3708],[-1.4923,6.3542],[-1.4614,6.327],[-1.4811,6.3077],[-1.4625,6.2787],[-1.4899,6.2404],[-1.5223,6.2281],[-1.5407,6.2342],[-1.5672,6.2263],[-1.5729,6.2366],[-1.6732,6.236],[-1.6835,6.2643]]]}},{"type":"Feature","id":203,"properties":{"id":203,"name":"Obuasi East"},"geometry":{"type":"Polygon","coordinates":[[[-1.6314,6.166],[-1.6368,6.193],[-1.6268,6.2146],[-1.6072,6.2392],[-1.5709,6.2352],[-1.563,6.1966],[-1.5997,6.1523],[-1.6126,6.1207],[-1.6543,6.128],[-1.6314,6.166]]]}},{"type":"Feature","id":204,"properties":{"id":204,"name":"Afigya Kwabre North"},"geometry":{"type":"Polygon","coordinates":[[[-1.6435,6.9137],[-1.6383,6.9736],[-1.6582,7.0426],[-1.6669,7.0457],[-1.6543,7.0542],[-1.6535,7.0808],[-1.668,7.0882],[-1.6804,7.112],[-1.6503,7.1481],[-1.6586,7.1617],[-1.6074,7.1654],[-1.6224,7.131],[-1.5926,7.077],[-1.6002,7.0263],[-1.5572,6.9951],[-1.5592,6.9671],[-1.5827,6.961],[-1.6047,6.9361],[-1.5821,6.9388],[-1.5779,6.9275],[-1.6435,6.9137]]]}},{"type":"Feature","id":205,"properties":{"id":205,"name":"Kumasi Metropolitan"},"geometry":{"type":"Polygon","coordinates":[[[-1.6162,6.6988],[-1.6007,6.6965],[-1.5979,6.6697],[-1.6337,6.669],[-1.6459,6.6839],[-1.6432,6.7029],[-1.6166,6.7144],[-1.601,6.7086],[-1.6162,6.6988]]]}},{"type":"Feature","id":206,"properties":{"id":206,"name":"Oforikrom Municipal"},"geometry":{"type":"Polygon","coordinates":[[[-1.5545,6.6429],[-1.5559,6.6636],[-1.5781,6.6605],[-1.6047,6.6903],[-1.5746,6.7],[-1.5658,6.6911],[-1.5556,6.706],[-1.522,6.7067],[-1.5277,6.6952],[-1.5047,6.6641],[-1.5161,6.6438],[-1.5545,6.6429]]]}},{"type":"Feature","id":207,"properties":{"id":207,"name":"Asokwa  Municipal"},"geometry":{"type":"Polygon","coordinates":[[[-1.5986,6.6137],[-1.6112,6.6649],[-1.5955,6.6802],[-1.5781,6.6605],[-1.5559,6.6636],[-1.5545,6.6429],[-1.5986,6.6137]]]}},{"type":"Feature","id":208,"properties":{"id":208,"name":"Old Tafo Municipal"},"geometry":{"type":"Polygon","coordinates":[[[-1.629,6.7663],[-1.6206,6.752],[-1.608,6.7505],[-1.6049,6.7636],[-1.5619,6.7406],[-1.5891,6.7282],[-1.5988,6.7095],[-1.6268,6.7113],[-1.6425,6.7587],[-1.629,6.7663]]]}},{"type":"Feature","id":209,"properties":{"id":209,"name":"Suame Municipal"},"geometry":{"type":"Polygon","coordinates":[[[-1.6621,6.7557],[-1.6425,6.7587],[-1.6268,6.7113],[-1.6558,6.7062],[-1.6638,6.7405],[-1.7112,6.7541],[-1.6765,6.7669],[-1.6621,6.7557]]]}},{"type":"Feature","id":210,"properties":{"id":210,"name":"Juaben Municipal"},"geometry":{"type":"Polygon","coordinates":[[[-1.4626,6.8709],[-1.4401,6.8722],[-1.4491,6.8458],[-1.4287,6.8316],[-1.4009,6.8451],[-1.3865,6.826],[-1.373,6.827],[-1.3381,6.7653],[-1.3374,6.7535],[-1.3524,6.7553],[-1.3533,6.7272],[-1.3203,6.7134],[-1.3145,6.6989],[-1.268,6.664],[-1.2728,6.6437],[-1.2798,6.6391],[-1.2921,6.6574],[-1.324,6.6629],[-1.3296,6.6787],[-1.3492,6.6815],[-1.3745,6.6992],[-1.3792,6.7169],[-1.4091,6.7327],[-1.4194,6.7578],[-1.4617,6.7905],[-1.4517,6.7966],[-1.4661,6.8476],[-1.4626,6.8709]]]}},{"type":"Feature","id":211,"properties":{"id":211,"name":"Ablekuma Central Municipal"},"geometry":{"type":"Polygon","coordinates":[[[-0.2485,5.5323],[-0.263,5.5568],[-0.2402,5.5763],[-0.2153,5.5586],[-0.2228,5.543],[-0.2485,5.5323]]]}},{"type":"Feature","id":212,"properties":{"id":212,"name":"Korle Klottey Municipal"},"geometry":{"type":"Polygon","coordinates":[[[-0.1741,5.5498],[-0.1956,5.5438],[-0.2027,5.5586],[-0.2153,5.5586],[-0.2147,5.5713],[-0.1774,5.565],[-0.1741,5.5498]]]}},{"type":"Feature","id":213,"properties":{"id":213,"name":"Ablekuma North Municipal"},"geometry":{"type":"Polygon","coordinates":[[[-0.2369,5.594],[-0.2158,5.6032],[-0.2153,5.5586],[-0.2402,5.5763],[-0.2562,5.5574],[-0.2769,5.5536],[-0.2825,5.5856],[-0.2639,5.6091],[-0.2369,5.594]]]}},{"type":"Feature","id":214,"properties":{"id":214,"name":"Ayawaso North Municipal"},"geometry":{"type":"Polygon","coordinates":[[[-0.1927,5.6073],[-0.2114,5.5769],[-0.2111,5.5875],[-0.2171,5.6055],[-0.1927,5.6073]]]}},{"type":"Feature","id":215,"properties":{"id":215,"name":"Ayawaso East Municipal"},"geometry":{"type":"Polygon","coordinates":[[[-0.1903,5.572],[-0.199,5.5751],[-0.2021,5.5995],[-0.1927,5.6073],[-0.1795,5.5973],[-0.1903,5.572]]]}},{"type":"Feature","id":216,"properties":{"id":216,"name":"Okaikwei North Municipal"},"geometry":{"type":"Polygon","coordinates":[[[-0.2297,5.6202],[-0.1977,5.6637],[-0.1886,5.6253],[-0.2233,5.6149],[-0.2158,5.6032],[-0.2301,5.5952],[-0.2562,5.6002],[-0.2635,5.6092],[-0.2355,5.6273],[-0.2297,5.6202]]]}},{"type":"Feature","id":217,"properties":{"id":217,"name":"Ga North Municipal"},"geometry":{"type":"Polygon","coordinates":[[[-0.2487,5.6952],[-0.2584,5.7102],[-0.2598,5.6724],[-0.2715,5.6656],[-0.2355,5.6273],[-0.2479,5.616],[-0.2641,5.6454],[-0.2928,5.6695],[-0.3466,5.7741],[-0.3315,5.7789],[-0.3274,5.7725],[-0.3034,5.7937],[-0.2655,5.8077],[-0.2565,5.7779],[-0.2334,5.7843],[-0.2437,5.7577],[-0.2298,5.7532],[-0.2487,5.6952]]]}},{"type":"Feature","id":218,"properties":{"id":218,"name":"Weija Gbawe Municipal"},"geometry":{"type":"Polygon","coordinates":[[[-0.4108,5.5553],[-0.3999,5.5657],[-0.426,5.6043],[-0.3975,5.6127],[-0.3571,5.6085],[-0.3628,5.5974],[-0.3512,5.5831],[-0.3434,5.6017],[-0.3109,5.603],[-0.2747,5.5688],[-0.2712,5.5405],[-0.2798,5.5261],[-0.2723,5.5189],[-0.3584,5.4976],[-0.4054,5.4704],[-0.4036,5.509],[-0.4143,5.5307],[-0.4108,5.5553]]]}},{"type":"Feature","id":219,"properties":{"id":219,"name":"Krowor Municipal"},"geometry":{"type":"Polygon","coordinates":[[[-0.1148,5.6446],[-0.0551,5.6082],[-0.0987,5.581],[-0.0902,5.5908],[-0.1,5.6166],[-0.1163,5.6396],[-0.1278,5.6408],[-0.1148,5.6446]]]}},{"type":"Feature","id":220,"properties":{"id":220,"name":"Tema Metropolitan"},"geometry":{"type":"Polygon","coordinates":[[[-0.0324,5.6795],[-0.011,5.6877],[0.0038,5.6643],[0.0229,5.6723],[0.0295,5.6662],[0.0272,5.6453],[0.0042,5.6244],[-0.0453,5.6109],[-0.0324,5.6795]]]}},{"type":"Feature","id":221,"properties":{"id":221,"name":"East Gonja Municipal"},"geometry":{"type":"Polygon","coordinates":[[[-1.2527,8.3792],[-1.26,8.4074],[-1.2537,8.424],[-1.263,8.4345],[-1.2585,8.4548],[-1.2214,8.4774],[-1.2183,8.4912],[-1.1946,8.494],[-1.1959,8.5115],[-1.1793,8.5178],[-1.1737,8.5076],[-1.165,8.5116],[-1.1721,8.5353],[-1.1548,8.5425],[-1.1415,8.5765],[-1.1505,8.6333],[-1.1445,8.6774],[-1.0755,8.7022],[-1.0295,8.6948],[-0.9832,8.6598],[-0.9409,8.6476],[-0.9265,8.6302],[-0.8768,8.5441],[-0.8502,8.4419],[-0.7798,8.3355],[-0.8578,8.3285],[-0.8526,8.3156],[-0.862,8.2724],[-0.8913,8.2584],[-0.9591,8.2511],[-0.979,8.2272],[-0.9899,8.2456],[-1.0102,8.2479],[-1.0192,8.2611],[-1.0397,8.2431],[-1.0405,8.166],[-1.0687,8.1292],[-1.0433,8.0939],[-1.0481,8.0625],[-1.0337,8.0547],[-1.0163,8.0185],[-1.0525,8.0291],[-1.0814,8.0172],[-1.107,7.9924],[-1.1579,7.9993],[-1.166,8.0603],[-1.1565,8.0886],[-1.2371,8.2237],[-1.2665,8.2573],[-1.2777,8.3234],[-1.2527,8.3792]]]}},{"type":"Feature","id":222,"properties":{"id":222,"name":"Ablekuma West Municipal"},"geometry":{"type":"Polygon","coordinates":[[[-0.2485,5.5323],[-0.2295,5.5441],[-0.2194,5.5308],[-0.2723,5.5189],[-0.2798,5.5261],[-0.2712,5.5405],[-0.2769,5.5536],[-0.263,5.5568],[-0.2485,5.5323]]]}},{"type":"Feature","id":223,"properties":{"id":223,"name":"Ayawaso Central Municipal"},"geometry":{"type":"Polygon","coordinates":[[[-0.2033,5.5881],[-0.197,5.5842],[-0.2111,5.5724],[-0.2033,5.5881]]]}},{"type":"Feature","id":224,"properties":{"id":224,"name":"Accra Metropolis"},"geometry":{"type":"Polygon","coordinates":[[[-0.2027,5.5586],[-0.1956,5.5438],[-0.2194,5.5308],[-0.2153,5.5586],[-0.2027,5.5586]]]}},{"type":"Feature","id":225,"properties":{"id":225,"name":"Anloga"},"geometry":{"type":"Polygon","coordinates":[[[0.6761,5.7773],[0.7102,5.7748],[0.7205,5.7846],[0.7105,5.7951],[0.7183,5.8108],[0.7098,5.8296],[0.7128,5.8544],[0.7187,5.8694],[0.7463,5.88],[0.7594,5.8711],[0.8523,5.8842],[0.8825,5.8681],[0.879,5.8219],[0.9207,5.8069],[0.9599,5.8148],[0.936,5.7924],[0.9051,5.7828],[0.8165,5.7696],[0.6802,5.7708],[0.6761,5.7773]]]}},{"type":"Feature","id":226,"properties":{"id":226,"name":"Sekondi Takoradi Metropolis"},"geometry":{"type":"Polygon","coordinates":[[[-1.7152,5.026],[-1.7034,5.0204],[-1.6935,4.9909],[-1.6843,4.9893],[-1.6892,4.9779],[-1.6694,4.9682],[-1.7028,4.9551],[-1.7062,4.9337],[-1.742,4.9163],[-1.7484,4.895],[-1.7331,4.8882],[-1.735,4.8815],[-1.7674,4.8749],[-1.78,4.886],[-1.7506,4.9178],[-1.7539,4.9316],[-1.7625,4.9316],[-1.7532,4.9428],[-1.7678,4.9446],[-1.7629,4.9551],[-1.7764,4.9502],[-1.7794,4.9569],[-1.7449,4.983],[-1.7361,5.0416],[-1.7308,5.048],[-1.7145,5.043],[-1.7152,5.026]]]}},{"type":"Feature","id":227,"properties":{"id":227,"name":"Kwahu South"},"geometry":{"type":"Polygon","coordinates":[[[-0.3342,6.5985],[-0.3899,6.6127],[-0.4143,6.6247],[-0.4229,6.6414],[-0.4478,6.6376],[-0.5005,6.5968],[-0.485,6.5659],[-0.4736,6.5634],[-0.4805,6.5571],[-0.4622,6.5242],[-0.544,6.512],[-0.5926,6.4906],[-0.6014,6.5135],[-0.6406,6.5149],[-0.6639,6.5601],[-0.7282,6.5699],[-0.7458,6.557],[-0.7698,6.5666],[-0.7825,6.5841],[-0.8022,6.5835],[-0.8226,6.6137],[-0.8001,6.6243],[-0.7946,6.616],[-0.7773,6.6174],[-0.7613,6.6338],[-0.7566,6.6196],[-0.7398,6.6116],[-0.703,6.6639],[-0.6703,6.7387],[-0.6437,6.7324],[-0.6142,6.7599],[-0.5589,6.7632],[-0.5173,6.7313],[-0.4098,6.7013],[-0.364,6.668],[-0.3345,6.6674],[-0.3342,6.5985]]]}},{"type":"Feature","id":228,"properties":{"id":228,"name":"Asene Akroso Manso"},"geometry":{"type":"Polygon","coordinates":[[[-0.8123,5.7444],[-0.8802,5.7586],[-0.8733,5.7748],[-0.8808,5.781],[-0.8504,5.8432],[-0.8739,5.8713],[-0.8784,5.8951],[-0.9178,5.9057],[-0.9275,5.9234],[-0.9482,5.9142],[-0.9403,5.9481],[-0.9497,5.9583],[-0.919,5.9655],[-0.9068,5.9971],[-0.8905,5.992],[-0.8915,5.9992],[-0.878,6.0027],[-0.8329,5.979],[-0.8205,5.9506],[-0.7662,5.8926],[-0.7592,5.8377],[-0.7255,5.8188],[-0.7204,5.7821],[-0.6946,5.7455],[-0.7023,5.7328],[-0.6924,5.7296],[-0.7039,5.7128],[-0.7786,5.7137],[-0.7838,5.7062],[-0.7893,5.7263],[-0.814,5.7302],[-0.8123,5.7444]]]}},{"type":"Feature","id":229,"properties":{"id":229,"name":"Upper Manya"},"geometry":{"type":"Polygon","coordinates":[[[0.0022,6.5361],[-0.0043,6.4017],[-0.0171,6.3321],[-0.0586,6.2528],[-0.0958,6.2232],[-0.1029,6.2218],[-0.1144,6.2535],[-0.1344,6.2245],[-0.1467,6.2273],[-0.1829,6.2097],[-0.1876,6.2321],[-0.1797,6.2376],[-0.1911,6.2491],[-0.1827,6.282],[-0.2191,6.2583],[-0.2351,6.2612],[-0.2303,6.2777],[-0.2545,6.2912],[-0.2469,6.3047],[-0.2668,6.2849],[-0.2863,6.2849],[-0.2969,6.2975],[-0.2884,6.3131],[-0.307,6.3256],[-0.3095,6.3418],[-0.2683,6.389],[-0.2611,6.4107],[-0.246,6.4171],[-0.2351,6.4532],[-0.1968,6.4847],[-0.1938,6.4944],[-0.2078,6.5154],[-0.1777,6.5577],[-0.0611,6.5334],[0.0022,6.5361]]]}},{"type":"Feature","id":230,"properties":{"id":230,"name":"Achiase"},"geometry":{"type":"Polygon","coordinates":[[[-0.9035,5.7386],[-0.9542,5.7385],[-0.9716,5.7542],[-0.9948,5.7392],[-0.9976,5.7464],[-1.0347,5.7374],[-1.0446,5.7524],[-1.0772,5.7491],[-1.0911,5.7426],[-1.0998,5.7008],[-1.121,5.7205],[-1.1344,5.7213],[-1.1357,5.7045],[-1.1439,5.7041],[-1.151,5.725],[-1.1629,5.7207],[-1.1653,5.7302],[-1.166,5.8009],[-1.1608,5.8239],[-1.1281,5.8344],[-0.9671,5.8467],[-0.9147,5.8875],[-0.904,5.8758],[-0.8741,5.8782],[-0.8504,5.8432],[-0.8808,5.781],[-0.8733,5.7748],[-0.88,5.7418],[-0.9035,5.7386]]]}},{"type":"Feature","id":231,"properties":{"id":231,"name":"Okere"},"geometry":{"type":"Polygon","coordinates":[[[-0.0197,5.9945],[-0.0399,6.0075],[-0.0642,6.007],[-0.1065,5.9683],[-0.1054,5.9489],[-0.1179,5.9419],[-0.1147,5.9633],[-0.153,5.9583],[-0.1505,5.9726],[-0.1789,6.0223],[-0.2317,6.0271],[-0.2277,6.0471],[-0.2377,6.0661],[-0.2317,6.0759],[-0.2232,6.0734],[-0.2006,6.1248],[-0.1559,6.1208],[-0.1234,6.135],[-0.0855,6.1282],[-0.066,6.1371],[-0.06,6.1309],[-0.0725,6.0979],[-0.059,6.0954],[-0.0442,6.0757],[-0.028,6.0761],[-0.0264,6.0415],[-0.0096,6.0104],[-0.0197,5.9945]]]}},{"type":"Feature","id":232,"properties":{"id":232,"name":"Yilo Krobo"},"geometry":{"type":"Polygon","coordinates":[[[-0.2469,6.3047],[-0.2545,6.2912],[-0.2303,6.2777],[-0.2351,6.2612],[-0.2191,6.2583],[-0.1827,6.282],[-0.1911,6.2491],[-0.1797,6.2376],[-0.1876,6.2321],[-0.1829,6.2097],[-0.1467,6.2273],[-0.1344,6.2245],[-0.1132,6.2533],[-0.1029,6.2218],[-0.0853,6.231],[-0.0804,6.2174],[-0.0709,6.219],[-0.09,6.1813],[-0.0658,6.1544],[-0.0699,6.1461],[-0.0442,6.159],[-0.0372,6.1307],[-0.0085,6.1224],[0.0021,6.1029],[0.0386,6.1022],[0.0476,6.0932],[0.0858,6.0935],[0.0893,6.1032],[0.0949,6.0939],[0.1436,6.1009],[0.0892,6.0627],[0.0404,6.0479],[0.019,6.0619],[0.0182,6.0389],[-0.0008,6.0077],[-0.0228,6.0288],[-0.028,6.0761],[-0.0442,6.0757],[-0.059,6.0954],[-0.0725,6.0979],[-0.06,6.1309],[-0.066,6.1371],[-0.0855,6.1282],[-0.1234,6.135],[-0.1559,6.1208],[-0.2006,6.1248],[-0.2168,6.091],[-0.2654,6.1476],[-0.2628,6.168],[-0.2775,6.1704],[-0.312,6.2095],[-0.3108,6.2546],[-0.3642,6.2768],[-0.3298,6.2978],[-0.3061,6.3038],[-0.2781,6.2829],[-0.2469,6.3047]]]}},{"type":"Feature","id":233,"properties":{"id":233,"name":"Atiwa West"},"geometry":{"type":"Polygon","coordinates":[[[-0.5368,6.3146],[-0.5189,6.3027],[-0.528,6.2308],[-0.5471,6.2207],[-0.5386,6.2133],[-0.5505,6.2031],[-0.5498,6.1896],[-0.5976,6.1727],[-0.6046,6.1571],[-0.6072,6.1397],[-0.588,6.1109],[-0.5959,6.0986],[-0.567,6.0579],[-0.5844,6.0539],[-0.5743,6.0521],[-0.5719,6.0391],[-0.5944,6.0575],[-0.5965,6.0416],[-0.6598,6.0251],[-0.6497,6.0463],[-0.6621,6.0581],[-0.6588,6.0677],[-0.6683,6.0643],[-0.6805,6.0744],[-0.668,6.0842],[-0.6804,6.0979],[-0.6467,6.1171],[-0.6179,6.1655],[-0.6407,6.1881],[-0.6848,6.1903],[-0.6954,6.2052],[-0.7103,6.2018],[-0.722,6.2209],[-0.7483,6.2219],[-0.7509,6.2347],[-0.7757,6.2502],[-0.7683,6.2588],[-0.7775,6.2786],[-0.7507,6.3112],[-0.7256,6.3199],[-0.7009,6.3687],[-0.6781,6.3861],[-0.6157,6.3887],[-0.5199,6.3446],[-0.5368,6.3146]]]}},{"type":"Feature","id":234,"properties":{"id":234,"name":"New Juaben North Municipal"},"geometry":{"type":"Polygon","coordinates":[[[-0.2775,6.1704],[-0.2628,6.168],[-0.2654,6.1476],[-0.2465,6.1275],[-0.2671,6.1001],[-0.2841,6.1004],[-0.3098,6.0811],[-0.321,6.0998],[-0.3637,6.1168],[-0.3731,6.1426],[-0.3543,6.1689],[-0.347,6.1604],[-0.3434,6.1751],[-0.3209,6.1751],[-0.3233,6.1995],[-0.312,6.2095],[-0.2775,6.1704]]]}},{"type":"Feature","id":235,"properties":{"id":235,"name":"Fanteakwa North"},"geometry":{"type":"Polygon","coordinates":[[[-0.4622,6.5242],[-0.4805,6.5571],[-0.4736,6.5634],[-0.485,6.5659],[-0.5005,6.5968],[-0.4478,6.6376],[-0.4229,6.6414],[-0.4143,6.6247],[-0.3899,6.6127],[-0.3342,6.5985],[-0.3345,6.6674],[-0.2552,6.6668],[-0.2195,6.601],[-0.1777,6.5577],[-0.2078,6.5154],[-0.1938,6.4944],[-0.2048,6.4766],[-0.224,6.4788],[-0.2309,6.4645],[-0.2571,6.4575],[-0.2722,6.4364],[-0.3074,6.4266],[-0.3194,6.4058],[-0.3506,6.3974],[-0.3222,6.3535],[-0.352,6.33],[-0.3982,6.3417],[-0.4877,6.3911],[-0.4632,6.4084],[-0.4608,6.4237],[-0.544,6.512],[-0.4622,6.5242]]]}},{"type":"Feature","id":236,"properties":{"id":236,"name":"Birim North"},"geometry":{"type":"Polygon","coordinates":[[[-1.0057,6.4428],[-1.0123,6.4683],[-1.0006,6.5001],[-0.9662,6.54],[-0.9549,6.5256],[-0.9391,6.5306],[-0.9171,6.5178],[-0.9137,6.4895],[-0.8884,6.5107],[-0.8905,6.5264],[-0.8403,6.5351],[-0.8377,6.5069],[-0.82,6.4896],[-0.8348,6.4691],[-0.8464,6.4749],[-0.8577,6.4627],[-0.8853,6.4621],[-0.875,6.396],[-0.881,6.373],[-0.8892,6.3822],[-0.9266,6.3685],[-0.9209,6.3937],[-0.9373,6.3856],[-0.9486,6.3921],[-0.9617,6.3399],[-0.9859,6.3365],[-0.9623,6.3145],[-0.9633,6.284],[-0.9784,6.2675],[-1.0062,6.2688],[-1.0208,6.2515],[-0.991,6.2205],[-0.9959,6.1965],[-1.0135,6.2077],[-1.0433,6.1977],[-1.0733,6.2103],[-1.0698,6.2231],[-1.0961,6.215],[-1.1231,6.2285],[-1.1163,6.2687],[-1.128,6.2712],[-1.1269,6.2862],[-1.1386,6.295],[-1.1278,6.302],[-1.1312,6.316],[-1.1122,6.3206],[-1.1199,6.3271],[-1.1028,6.3644],[-1.0418,6.4005],[-1.0356,6.413],[-1.0103,6.415],[-1.018,6.4361],[-1.0057,6.4428]]]}},{"type":"Feature","id":237,"properties":{"id":237,"name":"Asuogyaman"},"geometry":{"type":"Polygon","coordinates":[[[0.1757,6.3027],[0.1595,6.3002],[0.1278,6.2552],[0.0911,6.1604],[0.0979,6.1478],[0.0687,6.1521],[0.0775,6.1732],[0.0513,6.1987],[0.0674,6.2216],[0.0304,6.2138],[0.0122,6.193],[0.0035,6.2051],[-0.0114,6.2064],[0.0062,6.2263],[0.0077,6.2483],[0.0478,6.2976],[0.0156,6.2775],[0.0111,6.2952],[0.0309,6.3165],[-0.0171,6.3321],[-0.0043,6.4017],[0.0022,6.5361],[0.1286,6.5755],[0.1518,6.5778],[0.1946,6.5639],[0.1997,6.5485],[0.1778,6.5115],[0.1789,6.4867],[0.1892,6.4753],[0.178,6.4242],[0.2062,6.4053],[0.2165,6.3844],[0.2,6.3707],[0.2047,6.3572],[0.1686,6.3251],[0.1757,6.3027]]]}},{"type":"Feature","id":238,"properties":{"id":238,"name":"Kwahu East"},"geometry":{"type":"Polygon","coordinates":[[[-0.9381,6.6411],[-0.9451,6.627],[-0.9768,6.6147],[-0.9739,6.6811],[-0.9504,6.7074],[-0.9469,6.7248],[-0.9566,6.7396],[-0.9844,6.7421],[-0.9816,6.7493],[-0.9609,6.7462],[-0.9325,6.7562],[-0.9012,6.7883],[-0.8516,6.7779],[-0.8337,6.7934],[-0.7928,6.7898],[-0.7572,6.8448],[-0.7554,6.8669],[-0.7468,6.8692],[-0.7483,6.8464],[-0.7312,6.842],[-0.7467,6.8362],[-0.744,6.822],[-0.7023,6.8203],[-0.7202,6.799],[-0.683,6.8221],[-0.665,6.822],[-0.6979,6.7773],[-0.6717,6.7965],[-0.6713,6.7869],[-0.6599,6.7963],[-0.6416,6.795],[-0.6608,6.7758],[-0.6446,6.7511],[-0.6553,6.7374],[-0.6703,6.7387],[-0.703,6.6639],[-0.7398,6.6116],[-0.7566,6.6196],[-0.7613,6.6338],[-0.7773,6.6174],[-0.7946,6.616],[-0.8001,6.6243],[-0.8254,6.6116],[-0.8228,6.5908],[-0.8602,6.6034],[-0.9116,6.5989],[-0.9236,6.6409],[-0.9381,6.6411]]]}},{"type":"Feature","id":239,"properties":{"id":239,"name":"Kwahu West"},"geometry":{"type":"Polygon","coordinates":[[[-0.8602,6.6034],[-0.8228,6.5908],[-0.8226,6.6137],[-0.8022,6.5835],[-0.7825,6.5841],[-0.7698,6.5666],[-0.7458,6.557],[-0.7282,6.5699],[-0.6639,6.5601],[-0.6406,6.5149],[-0.6014,6.5135],[-0.593,6.4992],[-0.6055,6.476],[-0.6276,6.5062],[-0.6377,6.4836],[-0.6891,6.4559],[-0.6887,6.4354],[-0.7163,6.3689],[-0.738,6.4096],[-0.7324,6.4275],[-0.7486,6.45],[-0.783,6.4759],[-0.8013,6.4709],[-0.8031,6.4617],[-0.8293,6.4652],[-0.82,6.4896],[-0.8377,6.5069],[-0.8403,6.5351],[-0.8905,6.5264],[-0.8884,6.5107],[-0.9137,6.4895],[-0.9171,6.5178],[-0.9391,6.5306],[-0.9599,6.5294],[-0.9628,6.5491],[-0.9115,6.5989],[-0.8602,6.6034]]]}},{"type":"Feature","id":240,"properties":{"id":240,"name":"Lower Manya"},"geometry":{"type":"Polygon","coordinates":[[[0.1468,6.1091],[0.1436,6.1009],[0.0949,6.0939],[0.0893,6.1032],[0.0858,6.0935],[0.0423,6.0939],[0.0386,6.1022],[0.0021,6.1029],[0.0026,6.1128],[-0.0129,6.1244],[-0.0306,6.1236],[-0.0442,6.159],[-0.0699,6.1461],[-0.0658,6.1544],[-0.09,6.1813],[-0.0709,6.219],[-0.0859,6.2233],[-0.0853,6.2343],[-0.0586,6.2528],[-0.0171,6.3321],[0.0309,6.3165],[0.0111,6.2952],[0.0156,6.2775],[0.0478,6.2976],[0.0077,6.2483],[0.0062,6.2263],[-0.0114,6.2064],[0.0035,6.2051],[0.0122,6.193],[0.0304,6.2138],[0.0674,6.2216],[0.0513,6.1987],[0.0775,6.1732],[0.0687,6.1521],[0.0979,6.1478],[0.1468,6.1091]]]}},{"type":"Feature","id":241,"properties":{"id":241,"name":"Nsawam Adoagyiri"},"geometry":{"type":"Polygon","coordinates":[[[-0.3848,5.7764],[-0.3921,5.7582],[-0.4141,5.7733],[-0.4279,5.8039],[-0.4044,5.8461],[-0.3699,5.8716],[-0.3807,5.891],[-0.3404,5.8983],[-0.3282,5.8746],[-0.2946,5.8854],[-0.2766,5.8777],[-0.2699,5.8072],[-0.3274,5.7725],[-0.3315,5.7789],[-0.3664,5.7624],[-0.3848,5.7764]]]}},{"type":"Feature","id":242,"properties":{"id":242,"name":"Akwapem South"},"geometry":{"type":"Polygon","coordinates":[[[-0.2437,5.7577],[-0.2334,5.7844],[-0.2565,5.7779],[-0.2693,5.8047],[-0.2766,5.8777],[-0.2946,5.8854],[-0.3354,5.8785],[-0.338,5.9053],[-0.3188,5.9129],[-0.3022,5.9428],[-0.2769,5.9336],[-0.2251,5.9355],[-0.2071,5.9201],[-0.2201,5.8908],[-0.1844,5.9005],[-0.1757,5.8855],[-0.1656,5.8869],[-0.1719,5.8671],[-0.1439,5.8549],[-0.1647,5.8394],[-0.1509,5.8383],[-0.155,5.8147],[-0.1723,5.814],[-0.1806,5.7944],[-0.2025,5.7819],[-0.2019,5.7631],[-0.2251,5.7401],[-0.2266,5.7519],[-0.2437,5.7577]]]}},{"type":"Feature","id":243,"properties":{"id":243,"name":"Denkyembour"},"geometry":{"type":"Polygon","coordinates":[[[-0.8329,5.979],[-0.878,6.0027],[-0.8915,5.9992],[-0.8905,5.992],[-0.9068,5.9971],[-0.9285,5.9591],[-0.9396,5.9645],[-0.9525,5.9526],[-0.9662,5.9587],[-0.9734,5.9917],[-0.9618,6.0106],[-0.9796,6.0474],[-0.9727,6.0592],[-0.9518,6.0615],[-0.9752,6.0968],[-0.9471,6.1111],[-0.9282,6.1649],[-0.9006,6.1437],[-0.8768,6.1585],[-0.8499,6.1195],[-0.8457,6.0844],[-0.8284,6.0744],[-0.788,6.1002],[-0.7553,6.1046],[-0.7402,6.0931],[-0.7206,6.1091],[-0.6901,6.1149],[-0.6723,6.1079],[-0.6804,6.0979],[-0.668,6.0842],[-0.6805,6.0744],[-0.6683,6.0643],[-0.6588,6.0677],[-0.6621,6.0581],[-0.6497,6.0463],[-0.6549,6.0393],[-0.6713,6.0298],[-0.6902,6.05],[-0.7147,6.0493],[-0.7238,6.0409],[-0.7207,6.0288],[-0.729,6.0295],[-0.7375,6.0139],[-0.7699,6.0047],[-0.7811,6.0103],[-0.7955,6.0007],[-0.7978,5.9684],[-0.816,5.9493],[-0.8329,5.979]]]}},{"type":"Feature","id":244,"properties":{"id":244,"name":"Kwaebibirem"},"geometry":{"type":"Polygon","coordinates":[[[-0.7757,6.2502],[-0.7509,6.2347],[-0.7483,6.2219],[-0.722,6.2209],[-0.7103,6.2018],[-0.6954,6.2052],[-0.6848,6.1903],[-0.6407,6.1881],[-0.6179,6.1655],[-0.6467,6.1171],[-0.6704,6.1023],[-0.6815,6.1141],[-0.7206,6.1091],[-0.7402,6.0931],[-0.7553,6.1046],[-0.788,6.1002],[-0.8284,6.0744],[-0.8457,6.0844],[-0.8499,6.1195],[-0.8768,6.1585],[-0.9006,6.1437],[-0.9282,6.1649],[-0.9471,6.1111],[-1.0326,6.0792],[-1.0142,6.1641],[-0.9897,6.2113],[-1.0208,6.2515],[-1.0062,6.2688],[-0.9784,6.2675],[-0.9646,6.2813],[-0.9623,6.3145],[-0.9859,6.3365],[-0.9617,6.3399],[-0.9486,6.3921],[-0.9373,6.3856],[-0.9209,6.3937],[-0.9266,6.3685],[-0.8892,6.3822],[-0.8559,6.357],[-0.853,6.336],[-0.7834,6.293],[-0.7683,6.2588],[-0.7757,6.2502]]]}},{"type":"Feature","id":245,"properties":{"id":245,"name":"Kwahu Afram Plains South"},"geometry":{"type":"Polygon","coordinates":[[[-0.2155,7.1996],[-0.1812,7.2038],[-0.1595,7.1961],[-0.1693,7.1433],[-0.1476,7.1059],[-0.1571,7.0952],[-0.1529,7.059],[-0.1339,7.0459],[-0.1413,7.0356],[-0.136,7.0272],[-0.1163,7.0151],[-0.1245,6.9857],[-0.1041,6.9752],[-0.1138,6.9494],[-0.1229,6.9644],[-0.1432,6.9432],[-0.166,6.8841],[-0.1621,6.8609],[-0.1129,6.8258],[-0.1036,6.8043],[-0.0712,6.7868],[-0.0875,6.7729],[-0.1121,6.6984],[-0.0935,6.6992],[-0.0864,6.6905],[-0.0975,6.6671],[-0.0897,6.6405],[-0.0958,6.5426],[-0.1777,6.5577],[-0.2195,6.601],[-0.2552,6.6668],[-0.364,6.668],[-0.4098,6.7013],[-0.5173,6.7313],[-0.5589,6.7632],[-0.6142,6.7599],[-0.6459,6.7328],[-0.6566,6.7405],[-0.6434,6.7562],[-0.6534,6.7541],[-0.6608,6.7758],[-0.6433,6.7875],[-0.6435,6.797],[-0.6713,6.7869],[-0.6717,6.7965],[-0.6979,6.7773],[-0.665,6.822],[-0.683,6.8221],[-0.7202,6.799],[-0.7023,6.8203],[-0.744,6.822],[-0.7476,6.8307],[-0.7312,6.842],[-0.7453,6.8423],[-0.7448,6.8672],[-0.7554,6.8669],[-0.7572,6.9254],[-0.742,6.9489],[-0.7228,6.9523],[-0.6523,6.9295],[-0.6575,6.9472],[-0.5853,6.9509],[-0.5741,6.9633],[-0.5647,7.0187],[-0.591,7.0445],[-0.6354,7.1739],[-0.6096,7.1536],[-0.5612,7.1375],[-0.3878,7.1179],[-0.3218,7.1441],[-0.3003,7.172],[-0.3064,7.1782],[-0.2881,7.1841],[-0.2872,7.1947],[-0.2601,7.1895],[-0.2208,7.2128],[-0.2155,7.1996]]]}},{"type":"Feature","id":246,"properties":{"id":246,"name":"Kwahu Afram Plains North"},"geometry":{"type":"Polygon","coordinates":[[[0.0022,6.5361],[-0.0611,6.5334],[-0.0958,6.5426],[-0.0897,6.6405],[-0.0975,6.6671],[-0.0864,6.6905],[-0.0935,6.6992],[-0.1121,6.6984],[-0.0875,6.7729],[-0.0712,6.7868],[-0.1036,6.8043],[-0.1129,6.8258],[-0.1656,6.8658],[-0.1642,6.904],[-0.1523,6.9122],[-0.1432,6.9432],[-0.1229,6.9644],[-0.1138,6.9494],[-0.1041,6.9752],[-0.1245,6.9857],[-0.1163,7.0151],[-0.136,7.0272],[-0.1413,7.0356],[-0.1339,7.0459],[-0.1529,7.059],[-0.1571,7.0952],[-0.1476,7.1059],[-0.1697,7.1546],[-0.1659,7.1872],[-0.1486,7.1999],[-0.1071,7.1951],[-0.0849,7.1792],[-0.0527,7.1964],[0.0044,7.194],[0.0505,7.172],[0.1232,7.1838],[0.2352,7.1671],[0.2427,7.127],[0.1967,7.0675],[0.2274,6.974],[0.2062,6.9425],[0.1355,6.91],[0.1198,6.8704],[0.1332,6.8291],[0.2002,6.7787],[0.2082,6.7575],[0.2037,6.7033],[0.1232,6.666],[0.1044,6.5669],[0.0022,6.5361]]]}},{"type":"Feature","id":247,"properties":{"id":247,"name":"Suhum Municipal"},"geometry":{"type":"Polygon","coordinates":[[[-0.3637,6.1168],[-0.3325,6.1073],[-0.3135,6.0817],[-0.2895,6.0683],[-0.2931,6.038],[-0.2683,6.0205],[-0.261,6.001],[-0.289,5.9583],[-0.3239,5.9551],[-0.3309,5.9733],[-0.3644,5.9828],[-0.3735,6.0016],[-0.3829,5.9965],[-0.3984,6.0322],[-0.4144,6.0279],[-0.4215,6.0124],[-0.4344,6.0195],[-0.4456,5.9748],[-0.4753,5.9639],[-0.5038,6.0112],[-0.5321,6.0203],[-0.5434,6.0544],[-0.557,6.0577],[-0.5172,6.0764],[-0.4837,6.1058],[-0.46,6.0964],[-0.4424,6.1006],[-0.434,6.1219],[-0.4157,6.1327],[-0.3959,6.1202],[-0.367,6.1285],[-0.3637,6.1168]]]}},{"type":"Feature","id":248,"properties":{"id":248,"name":"Ayensuano"},"geometry":{"type":"Polygon","coordinates":[[[-0.5965,6.0416],[-0.5944,6.0575],[-0.5719,6.0391],[-0.5822,6.0573],[-0.55,6.0579],[-0.5342,6.0228],[-0.5038,6.0112],[-0.4753,5.9639],[-0.4456,5.9748],[-0.4344,6.0195],[-0.4215,6.0124],[-0.4144,6.0279],[-0.3984,6.0322],[-0.3829,5.9965],[-0.3735,6.0016],[-0.3644,5.9828],[-0.3309,5.9733],[-0.3239,5.9551],[-0.289,5.9583],[-0.3188,5.9129],[-0.3364,5.9084],[-0.3404,5.8983],[-0.3807,5.891],[-0.3699,5.8716],[-0.4154,5.8328],[-0.4349,5.8324],[-0.4419,5.8449],[-0.4657,5.8297],[-0.4665,5.8462],[-0.4985,5.8482],[-0.5003,5.8642],[-0.5189,5.8669],[-0.5316,5.8847],[-0.5943,5.9032],[-0.5771,5.9129],[-0.5808,5.936],[-0.5982,5.9432],[-0.6049,5.9661],[-0.6182,5.9668],[-0.6304,5.9861],[-0.6238,6.0068],[-0.6493,6.0158],[-0.6512,6.0279],[-0.5965,6.0416]]]}},{"type":"Feature","id":249,"properties":{"id":249,"name":"Abuakwa South"},"geometry":{"type":"Polygon","coordinates":[[[-0.5959,6.0986],[-0.588,6.1109],[-0.6072,6.1397],[-0.6046,6.1571],[-0.5976,6.1727],[-0.5498,6.1896],[-0.5505,6.2031],[-0.5386,6.2133],[-0.5471,6.2207],[-0.528,6.2308],[-0.5243,6.2637],[-0.4847,6.2878],[-0.4887,6.2721],[-0.4791,6.276],[-0.4525,6.2318],[-0.4594,6.2096],[-0.4139,6.2069],[-0.375,6.1812],[-0.3549,6.188],[-0.3411,6.1755],[-0.347,6.1604],[-0.3543,6.1689],[-0.3702,6.1539],[-0.367,6.1285],[-0.3959,6.1202],[-0.4157,6.1327],[-0.434,6.1219],[-0.4424,6.1006],[-0.46,6.0964],[-0.4837,6.1058],[-0.5172,6.0764],[-0.5684,6.0593],[-0.5959,6.0986]]]}},{"type":"Feature","id":250,"properties":{"id":250,"name":"Upper West Akim"},"geometry":{"type":"Polygon","coordinates":[[[-0.6946,5.7455],[-0.7081,5.7652],[-0.6628,5.7795],[-0.6517,5.7952],[-0.6534,5.8185],[-0.633,5.8168],[-0.6211,5.8352],[-0.6186,5.8785],[-0.5946,5.892],[-0.5634,5.8799],[-0.5552,5.8905],[-0.5316,5.8847],[-0.5189,5.8669],[-0.5003,5.8642],[-0.4985,5.8482],[-0.4665,5.8462],[-0.4657,5.8297],[-0.4419,5.8449],[-0.4349,5.8324],[-0.4154,5.8328],[-0.4243,5.7935],[-0.4374,5.8009],[-0.4479,5.7899],[-0.4439,5.7774],[-0.5088,5.7356],[-0.5682,5.7403],[-0.6233,5.721],[-0.652,5.7372],[-0.6858,5.7395],[-0.7023,5.7328],[-0.6946,5.7455]]]}},{"type":"Feature","id":251,"properties":{"id":251,"name":"West Akim"},"geometry":{"type":"Polygon","coordinates":[[[-0.7204,5.7821],[-0.7255,5.8188],[-0.7592,5.8377],[-0.7662,5.8926],[-0.8162,5.9455],[-0.7978,5.9684],[-0.8025,5.9784],[-0.787,6.0083],[-0.7375,6.0139],[-0.7188,6.0321],[-0.7201,6.0453],[-0.6965,6.0518],[-0.6713,6.0298],[-0.6554,6.0401],[-0.6598,6.0251],[-0.6512,6.0279],[-0.6493,6.0158],[-0.6238,6.0068],[-0.6261,5.9776],[-0.6149,5.9629],[-0.6049,5.9661],[-0.5982,5.9432],[-0.5808,5.936],[-0.5771,5.9129],[-0.5943,5.9032],[-0.5867,5.8956],[-0.572,5.9007],[-0.5575,5.8879],[-0.5634,5.8799],[-0.5946,5.892],[-0.6186,5.8785],[-0.6176,5.8501],[-0.633,5.8168],[-0.6534,5.8185],[-0.6517,5.7952],[-0.6731,5.7717],[-0.7081,5.7652],[-0.7204,5.7821]]]}},{"type":"Feature","id":252,"properties":{"id":252,"name":"Akyem Mansa"},"geometry":{"type":"Polygon","coordinates":[[[-1.1642,6.2064],[-1.1311,6.1998],[-1.1169,6.2294],[-1.0961,6.215],[-1.0698,6.2231],[-1.0733,6.2103],[-1.0626,6.2028],[-1.0326,6.1966],[-1.0135,6.2077],[-0.9959,6.1965],[-1.0142,6.1641],[-1.0326,6.0792],[-0.9786,6.1052],[-0.9518,6.0615],[-0.9727,6.0592],[-1.0024,6.0332],[-1.0053,6.017],[-0.9964,6.0168],[-1.0258,5.985],[-1.0402,5.9846],[-1.0413,5.9683],[-1.0923,5.9345],[-1.0985,5.9434],[-1.0924,5.9501],[-1.1069,5.967],[-1.1169,5.9626],[-1.1156,5.9534],[-1.1265,5.9594],[-1.1477,5.9466],[-1.1601,5.9654],[-1.1787,5.9735],[-1.1987,5.97],[-1.201,5.9772],[-1.2104,5.9629],[-1.2175,5.9669],[-1.2125,5.9755],[-1.2453,5.9863],[-1.2421,6.01],[-1.2273,6.0191],[-1.2312,6.0387],[-1.2083,6.0527],[-1.2146,6.0678],[-1.1983,6.0825],[-1.2048,6.091],[-1.1872,6.0975],[-1.1938,6.1133],[-1.2071,6.1129],[-1.1925,6.1231],[-1.2014,6.1336],[-1.1796,6.1479],[-1.1861,6.1676],[-1.179,6.1799],[-1.1922,6.1992],[-1.1642,6.2064]]]}},{"type":"Feature","id":253,"properties":{"id":253,"name":"Atiwa East"},"geometry":{"type":"Polygon","coordinates":[[[-0.5926,6.4906],[-0.544,6.512],[-0.4608,6.4237],[-0.4632,6.4084],[-0.4925,6.3883],[-0.4991,6.3717],[-0.4856,6.3626],[-0.4893,6.348],[-0.5079,6.3522],[-0.5199,6.3446],[-0.6157,6.3887],[-0.6781,6.3861],[-0.7009,6.3687],[-0.7256,6.3199],[-0.7507,6.3112],[-0.7775,6.2786],[-0.7834,6.293],[-0.853,6.336],[-0.8559,6.357],[-0.881,6.373],[-0.875,6.396],[-0.8853,6.4621],[-0.8577,6.4627],[-0.8464,6.4749],[-0.8348,6.4691],[-0.8224,6.4858],[-0.8293,6.4652],[-0.8031,6.4617],[-0.8013,6.4709],[-0.783,6.4759],[-0.7324,6.4275],[-0.738,6.4096],[-0.7163,6.3689],[-0.6887,6.4354],[-0.6891,6.4559],[-0.6377,6.4836],[-0.6276,6.5062],[-0.6055,6.476],[-0.5956,6.4967],[-0.5926,6.4906]]]}},{"type":"Feature","id":254,"properties":{"id":254,"name":"New Juaben South Municipal"},"geometry":{"type":"Polygon","coordinates":[[[-0.2509,6.0446],[-0.2825,6.0322],[-0.2931,6.038],[-0.2895,6.0683],[-0.3098,6.0811],[-0.2841,6.1004],[-0.2671,6.1001],[-0.2465,6.1275],[-0.2168,6.091],[-0.2509,6.0446]]]}},{"type":"Feature","id":255,"properties":{"id":255,"name":"Birim South"},"geometry":{"type":"Polygon","coordinates":[[[-1.2189,5.9768],[-1.2104,5.9629],[-1.201,5.9772],[-1.1987,5.97],[-1.1787,5.9735],[-1.1601,5.9654],[-1.1477,5.9466],[-1.1265,5.9594],[-1.1156,5.9534],[-1.1169,5.9626],[-1.1069,5.967],[-1.0924,5.9501],[-1.0945,5.9342],[-1.0812,5.945],[-1.0412,5.9137],[-1.0069,5.9327],[-0.9912,5.907],[-0.9698,5.9264],[-0.9482,5.9142],[-0.9275,5.9234],[-0.9178,5.9057],[-0.8836,5.8984],[-0.8724,5.8831],[-0.904,5.8758],[-0.9147,5.8875],[-0.9339,5.8798],[-0.9504,5.855],[-0.9827,5.8423],[-1.029,5.8466],[-1.1608,5.8239],[-1.1692,5.8397],[-1.1596,5.8517],[-1.169,5.8656],[-1.1624,5.8895],[-1.1692,5.9101],[-1.1984,5.9166],[-1.2247,5.9354],[-1.2189,5.9768]]]}},{"type":"Feature","id":256,"properties":{"id":256,"name":"Abuakwa North"},"geometry":{"type":"Polygon","coordinates":[[[-0.3642,6.2768],[-0.3108,6.2546],[-0.3209,6.1751],[-0.3411,6.1755],[-0.3549,6.188],[-0.375,6.1812],[-0.4139,6.2069],[-0.4594,6.2096],[-0.4525,6.2318],[-0.4791,6.276],[-0.468,6.2987],[-0.4455,6.2877],[-0.4165,6.2917],[-0.397,6.2744],[-0.388,6.284],[-0.3603,6.2861],[-0.3642,6.2768]]]}},{"type":"Feature","id":257,"properties":{"id":257,"name":"Akwapem North"},"geometry":{"type":"MultiPolygon","coordinates":[[[[-0.1719,5.8671],[-0.1656,5.8869],[-0.1757,5.8855],[-0.1844,5.9005],[-0.2201,5.8908],[-0.2071,5.9201],[-0.2251,5.9355],[-0.2769,5.9336],[-0.3022,5.9428],[-0.261,6.001],[-0.2821,6.0381],[-0.2509,6.0446],[-0.2377,6.0661],[-0.2277,6.0471],[-0.2317,6.0271],[-0.1789,6.0223],[-0.1505,5.9726],[-0.153,5.9583],[-0.1147,5.9633],[-0.1179,5.9419],[-0.1054,5.9489],[-0.1065,5.9683],[-0.0642,6.007],[-0.0126,5.9959],[-0.0063,5.9711],[-0.1222,5.8802],[-0.1299,5.8528],[-0.1439,5.8549],[-0.1719,5.8671]]],[[[-0.1647,5.8394],[-0.164,5.8417],[-0.1558,5.8462],[-0.154,5.8497],[-0.1439,5.8549],[-0.1647,5.8394]]]]}},{"type":"Feature","id":258,"properties":{"id":258,"name":"Fanteakwa South"},"geometry":{"type":"Polygon","coordinates":[[[-0.2351,6.4532],[-0.246,6.4171],[-0.2611,6.4107],[-0.2739,6.3814],[-0.3065,6.3485],[-0.307,6.3256],[-0.2884,6.3131],[-0.2969,6.2975],[-0.3061,6.3038],[-0.3397,6.2863],[-0.388,6.284],[-0.397,6.2744],[-0.4165,6.2917],[-0.4455,6.2877],[-0.468,6.2987],[-0.4795,6.2757],[-0.4887,6.2721],[-0.4847,6.2878],[-0.5243,6.2637],[-0.5189,6.3027],[-0.5368,6.3146],[-0.5203,6.3443],[-0.5079,6.3522],[-0.4893,6.348],[-0.4856,6.3626],[-0.4991,6.3717],[-0.4925,6.3883],[-0.469,6.3861],[-0.3982,6.3417],[-0.352,6.33],[-0.3222,6.3535],[-0.3506,6.3974],[-0.3194,6.4058],[-0.3074,6.4266],[-0.2722,6.4364],[-0.2571,6.4575],[-0.2309,6.4645],[-0.224,6.4788],[-0.2048,6.4766],[-0.2351,6.4532]]]}},{"type":"Feature","id":259,"properties":{"id":259,"name":"Birim Central Municipal"},"geometry":{"type":"Polygon","coordinates":[[[-0.9497,5.92],[-0.9698,5.9264],[-0.983,5.9079],[-0.9912,5.907],[-1.0069,5.9327],[-1.0412,5.9137],[-1.0772,5.9403],[-1.0392,5.9706],[-1.0402,5.9846],[-1.0258,5.985],[-0.9964,6.0168],[-1.0053,6.017],[-1.0024,6.0332],[-0.9796,6.0474],[-0.9618,6.0106],[-0.9734,5.9917],[-0.9662,5.9587],[-0.9403,5.9481],[-0.9497,5.92]]]}}]}